t,frame,processed,skip_rate,in_stress,temp_gpu,latency_ms,est_power_w,dets_seen,dets_kept,dets_discarded,bw_sent_kb,bw_used_window_kb,keyframe
0.03,1,1,1,0,49.2,35.94,7.12,2,0,2,0.0,0.0,0
0.144,2,1,1,0,49.2,27.92,7.12,3,0,3,0.0,0.0,0
0.206,3,1,1,0,49.2,23.94,7.12,1,0,1,0.0,0.0,0
0.261,4,1,1,0,49.3,23.71,7.12,1,0,1,0.0,0.0,0
0.315,5,1,1,0,49.3,23.35,7.12,1,0,1,0.0,0.0,0
0.37,6,1,1,0,49.3,23.6,7.12,2,0,2,0.0,0.0,0
0.425,7,1,1,0,49.3,23.99,7.12,1,0,1,0.0,0.0,0
0.479,8,1,1,0,49.3,23.38,7.12,1,0,1,0.0,0.0,0
0.533,9,1,1,0,49.3,23.81,7.12,1,0,1,0.0,0.0,0
0.587,10,1,1,0,49.3,23.69,7.12,2,0,2,0.0,0.0,0
0.642,11,1,1,0,49.3,23.42,7.12,3,0,3,0.0,0.0,0
0.696,12,1,1,0,49.3,23.31,7.12,3,0,3,0.0,0.0,0
0.75,13,1,1,0,49.3,23.65,7.12,4,0,4,0.0,0.0,0
0.805,14,1,1,0,49.3,23.39,7.12,1,0,1,0.0,0.0,0
0.859,15,1,1,0,49.3,23.4,7.12,2,0,2,0.0,0.0,0
0.913,16,1,1,0,49.3,23.85,7.12,2,0,2,0.0,0.0,0
0.968,17,1,1,0,49.3,23.25,7.12,1,0,1,0.0,0.0,0
1.021,18,1,1,0,49.3,23.41,7.12,1,0,1,0.0,0.0,0
1.075,19,1,1,0,49.3,23.59,7.12,2,0,2,0.0,0.0,0
1.13,20,1,1,0,49.3,23.45,7.12,1,0,1,0.0,0.0,0
1.184,21,1,1,0,49.3,21.61,7.12,0,0,0,0.0,0.0,0
1.235,22,1,1,0,49.3,23.65,7.12,1,0,1,0.0,0.0,0
1.291,23,1,1,0,49.8,23.35,7.12,1,0,1,0.0,0.0,0
1.345,24,1,1,0,49.8,23.27,7.12,1,0,1,0.0,0.0,0
1.399,25,1,1,0,49.8,23.98,7.12,1,0,1,0.0,0.0,0
1.454,26,1,1,0,49.8,23.42,7.12,1,0,1,0.0,0.0,0
1.507,27,1,1,0,49.8,23.39,7.12,1,0,1,0.0,0.0,0
1.561,28,1,1,0,49.8,23.73,7.12,1,0,1,0.0,0.0,0
1.616,29,1,1,0,49.8,23.35,7.12,1,0,1,0.0,0.0,0
1.669,30,1,1,0,49.8,23.29,7.12,1,0,1,80.0,80.0,1
1.723,31,1,1,0,49.8,24.08,7.12,1,0,1,0.0,80.0,0
1.778,32,1,1,0,49.8,31.62,7.12,1,0,1,0.0,80.0,0
1.84,33,1,1,0,49.8,23.33,7.12,1,0,1,0.0,80.0,0
1.894,34,1,1,0,49.8,23.82,7.12,2,0,2,0.0,80.0,0
1.948,35,1,1,0,49.8,23.23,7.12,1,0,1,0.0,80.0,0
2.002,36,1,1,0,49.8,23.3,7.12,2,0,2,0.0,80.0,0
2.056,37,1,1,0,49.8,23.77,7.12,1,0,1,0.0,80.0,0
2.11,38,1,1,0,49.8,23.29,7.12,1,0,1,0.0,80.0,0
2.164,39,1,1,0,49.8,23.29,7.12,1,0,1,0.0,80.0,0
2.218,40,1,1,0,49.8,23.69,7.12,1,0,1,0.0,80.0,0
2.272,41,1,1,0,49.6,23.32,7.12,1,0,1,0.0,80.0,0
2.326,42,1,1,0,49.6,23.31,7.12,1,0,1,0.0,80.0,0
2.38,43,1,1,0,49.6,23.96,7.12,1,0,1,0.0,80.0,0
2.434,44,1,1,0,49.6,21.59,7.12,0,0,0,0.0,80.0,0
2.488,45,1,1,0,49.6,21.57,7.12,0,0,0,0.0,80.0,0
2.54,46,1,1,0,49.6,21.91,7.12,0,0,0,0.0,80.0,0
2.592,47,1,1,0,49.6,21.59,7.12,0,0,0,0.0,80.0,0
2.643,48,1,1,0,49.6,23.61,7.12,1,0,1,0.0,80.0,0
2.697,49,1,1,0,49.6,21.59,7.12,0,0,0,0.0,80.0,0
2.749,50,1,1,0,49.6,21.56,7.12,0,0,0,0.0,80.0,0
2.801,51,1,1,0,49.6,21.48,7.12,0,0,0,0.0,80.0,0
2.852,52,1,1,0,49.6,23.84,7.12,1,0,1,0.0,80.0,0
2.907,53,1,1,0,49.6,21.63,7.12,0,0,0,0.0,80.0,0
2.958,54,1,1,0,49.6,23.37,7.12,3,0,3,0.0,80.0,0
3.013,55,1,1,0,49.6,23.36,7.12,2,0,2,0.0,80.0,0
3.067,56,1,1,0,49.6,21.58,7.12,0,0,0,0.0,80.0,0
3.118,57,1,1,0,49.6,21.68,7.12,0,0,0,0.0,80.0,0
3.17,58,1,1,0,49.6,23.96,7.12,3,0,3,0.0,80.0,0
3.225,59,1,1,0,49.6,23.34,7.12,3,0,3,0.0,80.0,0
3.279,60,1,1,0,49.5,23.29,7.12,1,0,1,80.0,160.0,1
3.333,61,1,1,0,49.5,36.01,7.12,2,0,2,0.0,160.0,0
3.4,62,1,1,0,49.5,23.77,7.12,2,0,2,0.0,160.0,0
3.454,63,1,1,0,49.5,23.35,7.12,1,0,1,0.0,160.0,0
3.508,64,1,1,0,49.5,24.19,7.12,1,0,1,0.0,160.0,0
3.563,65,1,1,0,49.5,23.33,7.12,2,0,2,0.0,160.0,0
3.617,66,1,1,0,49.5,23.27,7.12,3,0,3,0.0,160.0,0
3.671,67,1,1,0,49.5,23.35,7.12,3,0,3,0.0,160.0,0
3.725,68,1,1,0,49.5,23.33,7.12,3,0,3,0.0,160.0,0
3.781,69,1,1,0,49.5,23.29,7.12,3,0,3,0.0,160.0,0
3.835,70,1,1,0,49.5,23.68,7.12,3,0,3,0.0,160.0,0
3.89,71,1,1,0,49.5,23.62,7.12,4,0,4,0.0,160.0,0
3.944,72,1,1,0,49.5,23.68,7.12,2,0,2,0.0,160.0,0
3.999,73,1,1,0,49.5,23.4,7.12,3,0,3,0.0,160.0,0
4.053,74,1,1,0,49.5,23.31,7.12,4,0,4,0.0,160.0,0
4.107,75,1,1,0,49.5,23.36,7.12,3,0,3,0.0,160.0,0
4.162,76,1,1,0,49.5,24.03,7.12,4,0,4,0.0,160.0,0
4.217,77,1,1,0,49.5,23.42,7.12,4,0,4,0.0,160.0,0
4.271,78,1,1,0,49.6,23.29,7.12,3,0,3,0.0,160.0,0
4.325,79,1,1,0,49.6,23.35,7.12,3,0,3,0.0,160.0,0
4.38,80,1,1,0,49.6,23.43,7.12,4,0,4,0.0,160.0,0
4.434,81,1,1,0,49.6,23.62,7.12,4,0,4,0.0,160.0,0
4.489,82,1,1,0,49.6,23.87,7.12,3,0,3,0.0,160.0,0
4.544,83,1,1,0,49.6,23.45,7.12,5,0,5,0.0,160.0,0
4.598,84,1,1,0,49.6,23.44,7.12,4,0,4,0.0,160.0,0
4.653,85,1,1,0,49.6,23.31,7.12,4,0,4,0.0,160.0,0
4.707,86,1,1,0,49.6,23.38,7.12,4,0,4,0.0,160.0,0
4.762,87,1,1,0,49.6,23.38,7.12,4,0,4,0.0,160.0,0
4.816,88,1,1,0,49.6,23.76,7.12,4,0,4,0.0,160.0,0
4.871,89,1,1,0,49.6,23.44,7.12,4,0,4,0.0,160.0,0
4.925,90,1,1,0,49.6,23.46,7.12,4,0,4,80.0,240.0,1
4.98,91,1,1,0,49.6,34.11,7.12,5,0,5,0.0,240.0,0
5.045,92,1,1,0,49.6,23.54,7.12,6,0,6,0.0,240.0,0
5.1,93,1,1,0,49.6,34.49,7.12,3,0,3,0.0,240.0,0
5.166,94,1,1,0,49.6,23.72,7.12,3,0,3,0.0,240.0,0
5.223,95,1,1,0,49.6,24.02,7.12,3,0,3,0.0,240.0,0
5.281,96,1,1,0,49.8,23.46,7.12,5,0,5,0.0,240.0,0
5.336,97,1,1,0,49.8,23.34,7.12,7,0,7,0.0,240.0,0
5.391,98,1,1,0,49.8,23.68,7.12,6,0,6,0.0,240.0,0
5.446,99,1,1,0,49.8,23.47,7.12,6,0,6,0.0,240.0,0
5.501,100,1,1,0,49.8,23.82,7.12,4,0,4,0.0,240.0,0
5.556,101,1,1,0,49.8,23.54,7.12,4,0,4,0.0,240.0,0
5.61,102,1,1,0,49.8,23.39,7.12,6,0,6,0.0,240.0,0
5.665,103,1,1,0,49.8,23.42,7.12,4,0,4,0.0,240.0,0
5.72,104,1,1,0,49.8,23.39,7.12,6,0,6,0.0,240.0,0
5.774,105,1,1,0,49.8,23.44,7.12,3,0,3,0.0,240.0,0
5.829,106,1,1,0,49.8,23.7,7.12,5,0,5,0.0,240.0,0
5.884,107,1,1,0,49.8,23.42,7.12,3,0,3,0.0,240.0,0
5.938,108,1,1,0,49.8,23.71,7.12,4,0,4,0.0,240.0,0
5.993,109,1,1,0,49.8,23.73,7.12,6,0,6,0.0,240.0,0
6.048,110,1,1,0,49.8,23.38,7.12,4,0,4,0.0,240.0,0
6.102,111,1,1,0,49.8,23.37,7.12,4,0,4,0.0,240.0,0
6.156,112,1,1,0,49.8,23.46,7.12,4,0,4,0.0,240.0,0
6.211,113,1,1,0,49.8,23.4,7.12,4,0,4,0.0,240.0,0
6.265,114,1,1,0,49.7,23.36,7.12,4,0,4,0.0,240.0,0
6.32,115,1,1,0,49.7,23.32,7.12,5,0,5,0.0,240.0,0
6.374,116,1,1,0,49.7,23.7,7.12,4,0,4,0.0,240.0,0
6.429,117,1,1,0,49.7,23.41,7.12,5,0,5,0.0,240.0,0
6.484,118,1,1,0,49.7,23.39,7.12,4,0,4,0.0,240.0,0
6.54,119,1,1,0,49.7,23.39,7.12,3,0,3,0.0,240.0,0
6.594,120,1,1,0,49.7,23.44,7.12,5,0,5,80.0,320.0,1
6.649,121,1,1,0,49.7,34.21,7.12,5,0,5,0.0,320.0,0
6.714,122,1,1,0,49.7,23.75,7.12,4,0,4,0.0,320.0,0
6.769,123,1,1,0,49.7,23.47,7.12,6,0,6,0.0,320.0,0
6.824,124,1,1,0,49.7,23.41,7.12,6,0,6,0.0,320.0,0
6.879,125,1,1,0,49.7,23.4,7.12,5,0,5,0.0,320.0,0
6.933,126,1,1,0,49.7,23.43,7.12,5,0,5,0.0,320.0,0
6.988,127,1,1,0,49.7,23.35,7.12,6,0,6,0.0,320.0,0
7.043,128,1,1,0,49.7,23.33,7.12,7,0,7,0.0,320.0,0
7.097,129,1,1,0,49.7,23.38,7.12,5,0,5,0.0,320.0,0
7.152,130,1,1,0,49.7,24.6,7.12,5,0,5,0.0,320.0,0
7.208,131,1,1,0,49.7,23.51,7.12,6,0,6,0.0,320.0,0
7.263,132,1,1,0,50.0,23.66,7.12,5,0,5,0.0,320.0,0
7.318,133,1,1,0,50.0,23.8,7.12,6,0,6,0.0,320.0,0
7.374,134,1,1,0,50.0,24.2,7.12,6,0,6,0.0,320.0,0
7.43,135,1,1,0,50.0,23.69,7.12,5,0,5,0.0,320.0,0
7.485,136,1,1,0,50.0,24.21,7.12,4,0,4,0.0,320.0,0
7.54,137,1,1,0,50.0,24.2,7.12,4,0,4,0.0,320.0,0
7.596,138,1,1,0,50.0,23.31,7.12,4,0,4,0.0,320.0,0
7.65,139,1,1,0,50.0,24.21,7.12,5,0,5,0.0,320.0,0
7.706,140,1,1,0,50.0,23.86,7.12,7,0,7,0.0,320.0,0
7.762,141,1,1,0,50.0,23.57,7.12,6,0,6,0.0,320.0,0
7.817,142,1,1,0,50.0,24.52,7.12,6,0,6,0.0,320.0,0
7.875,143,1,1,0,50.0,23.39,7.12,4,0,4,0.0,320.0,0
7.932,144,1,1,0,50.0,24.96,7.12,4,0,4,0.0,320.0,0
7.988,145,1,1,0,50.0,23.55,7.12,6,0,6,0.0,320.0,0
8.043,146,1,1,0,50.0,23.91,7.12,6,0,6,0.0,320.0,0
8.098,147,1,1,0,50.0,23.46,7.12,6,0,6,0.0,320.0,0
8.153,148,1,1,0,50.0,24.04,7.12,6,0,6,0.0,320.0,0
8.212,149,1,1,0,50.0,23.52,7.12,6,0,6,0.0,320.0,0
8.266,150,1,1,0,49.8,23.73,7.12,6,0,6,80.0,400.0,1
8.324,151,1,1,0,49.8,32.88,7.12,7,0,7,0.0,400.0,0
8.389,152,1,1,0,49.8,24.31,7.12,5,0,5,0.0,400.0,0
8.444,153,1,1,0,49.8,23.58,7.12,6,0,6,0.0,400.0,0
8.499,154,1,1,0,49.8,24.04,7.12,8,0,8,0.0,400.0,0
8.558,155,1,1,0,49.8,23.5,7.12,7,0,7,0.0,400.0,0
8.613,156,1,1,0,49.8,23.68,7.12,8,0,8,0.0,400.0,0
8.672,157,1,1,0,49.8,23.55,7.12,5,0,5,0.0,400.0,0
8.727,158,1,1,0,49.8,23.76,7.12,8,0,8,0.0,400.0,0
8.782,159,1,1,0,49.8,23.53,7.12,5,0,5,0.0,400.0,0
8.837,160,1,1,0,49.8,23.78,7.12,6,0,6,0.0,400.0,0
8.893,161,1,1,0,49.8,24.11,7.12,6,0,6,0.0,400.0,0
8.948,162,1,1,0,49.8,23.57,7.12,4,0,4,0.0,400.0,0
9.003,163,1,1,0,49.8,23.69,7.12,8,0,8,0.0,400.0,0
9.058,164,1,1,0,49.8,23.94,7.12,7,0,7,0.0,400.0,0
9.114,165,1,1,0,49.8,23.43,7.12,5,0,5,0.0,400.0,0
9.169,166,1,1,0,49.8,24.01,7.12,7,0,7,0.0,400.0,0
9.227,167,1,1,0,49.8,23.38,7.12,6,0,6,0.0,400.0,0
9.282,168,1,1,0,50.1,23.75,7.12,6,0,6,0.0,400.0,0
9.343,169,1,1,0,50.1,23.38,7.12,7,0,7,0.0,400.0,0
9.398,170,1,1,0,50.1,24.29,7.12,5,0,5,0.0,400.0,0
9.454,171,1,1,0,50.1,23.49,7.12,6,0,6,0.0,400.0,0
9.509,172,1,1,0,50.1,24.31,7.12,6,0,6,0.0,400.0,0
9.565,173,1,1,0,50.1,23.79,7.12,5,0,5,0.0,400.0,0
9.62,174,1,1,0,50.1,24.25,7.12,5,0,5,0.0,400.0,0
9.681,175,1,1,0,50.1,23.78,7.12,6,0,6,0.0,400.0,0
9.736,176,1,1,0,50.1,23.43,7.12,6,0,6,0.0,400.0,0
9.791,177,1,1,0,50.1,23.54,7.12,5,0,5,0.0,400.0,0
9.846,178,1,1,0,50.1,23.3,7.12,5,0,5,0.0,400.0,0
9.901,179,1,1,0,50.1,23.38,7.12,5,0,5,0.0,400.0,0
9.956,180,1,1,0,50.1,23.22,7.12,6,0,6,80.0,480.0,1
10.011,181,1,1,0,50.1,34.48,7.12,6,0,6,0.0,480.0,0
10.076,182,1,1,0,50.1,23.48,7.12,7,0,7,0.0,480.0,0
10.132,183,1,1,0,50.1,35.29,7.12,6,0,6,0.0,480.0,0
10.199,184,1,1,0,50.1,23.44,7.12,6,0,6,0.0,480.0,0
10.253,185,1,1,0,50.1,23.62,7.12,6,0,6,0.0,480.0,0
10.309,186,1,1,0,49.9,23.27,7.12,6,0,6,0.0,480.0,0
10.363,187,1,1,0,49.9,23.78,7.12,7,0,7,0.0,480.0,0
10.419,188,1,1,0,49.9,23.48,7.12,5,0,5,0.0,480.0,0
10.474,189,1,1,0,49.9,23.71,7.12,7,0,7,0.0,480.0,0
10.529,190,1,1,0,49.9,23.45,7.12,4,0,4,0.0,480.0,0
10.584,191,1,1,0,49.9,23.25,7.12,8,0,8,0.0,480.0,0
10.639,192,1,1,0,49.9,23.38,7.12,7,0,7,0.0,480.0,0
10.695,193,1,1,0,49.9,23.71,7.12,4,0,4,0.0,480.0,0
10.75,194,1,1,0,49.9,23.42,7.12,4,0,4,0.0,480.0,0
10.804,195,1,1,0,49.9,23.6,7.12,6,0,6,0.0,480.0,0
10.859,196,1,1,0,49.9,23.33,7.12,6,0,6,0.0,480.0,0
10.914,197,1,1,0,49.9,23.38,7.12,6,0,6,0.0,480.0,0
10.969,198,1,1,0,49.9,23.37,7.12,4,0,4,0.0,480.0,0
11.024,199,1,1,0,49.9,23.82,7.12,4,0,4,0.0,480.0,0
11.078,200,1,1,0,49.9,23.45,7.12,3,0,3,0.0,480.0,0
11.133,201,1,1,0,49.9,23.71,7.12,3,0,3,0.0,480.0,0
11.188,202,1,1,0,49.9,23.32,7.12,5,0,5,0.0,480.0,0
11.242,203,1,1,0,49.9,23.37,7.12,3,0,3,0.0,480.0,0
11.297,204,1,1,0,49.9,23.28,7.12,3,0,3,0.0,480.0,0
11.351,205,1,1,0,49.9,23.91,7.12,5,0,5,0.0,480.0,0
11.406,206,1,1,0,49.9,24.02,7.12,4,0,4,0.0,480.0,0
11.461,207,1,1,0,49.9,23.62,7.12,6,0,6,0.0,480.0,0
11.516,208,1,1,0,49.9,23.25,7.12,3,0,3,0.0,480.0,0
11.57,209,1,1,0,49.9,23.3,7.12,3,0,3,0.0,480.0,0
11.624,210,1,1,0,49.9,23.27,7.12,4,0,4,80.0,560.0,1
11.679,211,1,1,0,49.9,35.4,7.12,4,0,4,0.0,560.0,0
11.745,212,1,1,0,49.9,23.23,7.12,4,0,4,0.0,560.0,0
11.8,213,1,1,0,49.9,23.74,7.12,4,0,4,0.0,560.0,0
11.855,214,1,1,0,49.9,23.34,7.12,5,0,5,0.0,560.0,0
11.909,215,1,1,0,49.9,23.37,7.12,3,0,3,0.0,560.0,0
11.963,216,1,1,0,49.9,23.37,7.12,5,0,5,0.0,560.0,0
12.018,217,1,1,0,49.9,23.67,7.12,6,0,6,0.0,560.0,0
12.074,218,1,1,0,49.9,23.32,7.12,7,0,7,0.0,560.0,0
12.129,219,1,1,0,49.9,23.63,7.12,5,0,5,0.0,560.0,0
12.186,220,1,1,0,49.9,23.45,7.12,4,0,4,0.0,560.0,0
12.24,221,1,1,0,49.9,23.85,7.12,4,0,4,0.0,560.0,0
12.295,222,1,1,0,49.8,23.23,7.12,5,0,5,0.0,560.0,0
12.35,223,1,1,0,49.8,23.7,7.12,5,0,5,0.0,560.0,0
12.405,224,1,1,0,49.8,23.6,7.12,3,0,3,0.0,560.0,0
12.459,225,1,1,0,49.8,23.67,7.12,4,0,4,0.0,560.0,0
12.514,226,1,1,0,49.8,23.34,7.12,4,0,4,0.0,560.0,0
12.569,227,1,1,0,49.8,23.3,7.12,5,0,5,0.0,560.0,0
12.623,228,1,1,0,49.8,23.25,7.12,3,0,3,0.0,560.0,0
12.677,229,1,1,0,49.8,23.65,7.12,4,0,4,0.0,560.0,0
12.732,230,1,1,0,49.8,23.25,7.12,4,0,4,0.0,560.0,0
12.787,231,1,1,0,49.8,23.64,7.12,6,0,6,0.0,560.0,0
12.842,232,1,1,0,49.8,23.34,7.12,4,0,4,0.0,560.0,0
12.896,233,1,1,0,49.8,23.23,7.12,4,0,4,0.0,560.0,0
12.951,234,1,1,0,49.8,23.27,7.12,5,0,5,0.0,560.0,0
13.005,235,1,1,0,49.8,23.71,7.12,4,0,4,0.0,560.0,0
13.06,236,1,1,0,49.8,23.25,7.12,4,0,4,0.0,560.0,0
13.115,237,1,1,0,49.8,23.75,7.12,5,0,5,0.0,560.0,0
13.171,238,1,1,0,49.8,23.34,7.12,5,0,5,0.0,560.0,0
13.226,239,1,1,0,49.8,23.33,7.12,4,0,4,0.0,560.0,0
13.28,240,1,1,0,49.8,23.27,7.12,2,0,2,80.0,640.0,1
13.334,241,1,1,0,49.8,37.28,7.12,2,0,2,0.0,640.0,0
13.402,242,1,1,0,49.8,23.43,7.12,2,0,2,0.0,640.0,0
13.457,243,1,1,0,49.8,23.62,7.12,1,0,1,0.0,640.0,0
13.511,244,1,1,0,49.8,23.29,7.12,2,0,2,0.0,640.0,0
13.566,245,1,1,0,49.8,23.29,7.12,1,0,1,0.0,640.0,0
13.62,246,1,1,0,49.8,23.24,7.12,1,0,1,0.0,640.0,0
13.674,247,1,1,0,49.8,23.63,7.12,1,0,1,0.0,640.0,0
13.728,248,1,1,0,49.8,23.22,7.12,1,0,1,0.0,640.0,0
13.781,249,1,1,0,49.8,23.64,7.12,1,0,1,0.0,640.0,0
13.836,250,1,1,0,49.8,23.23,7.12,2,0,2,0.0,640.0,0
13.89,251,1,1,0,49.8,23.54,7.12,1,0,1,0.0,640.0,0
13.944,252,1,1,0,49.8,23.16,7.12,1,0,1,0.0,640.0,0
13.997,253,1,1,0,49.8,25.65,7.12,2,0,2,0.0,640.0,0
14.054,254,1,1,0,49.8,23.3,7.12,1,0,1,0.0,640.0,0
14.107,255,1,1,0,49.8,24.08,7.12,4,0,4,0.0,640.0,0
14.163,256,1,1,0,49.8,23.36,7.12,6,0,6,0.0,640.0,0
14.218,257,1,1,0,49.8,23.33,7.12,4,0,4,0.0,640.0,0
14.272,258,1,1,0,50.1,23.34,7.12,6,0,6,0.0,640.0,0
14.327,259,1,1,0,50.1,23.64,7.12,5,0,5,0.0,640.0,0
14.382,260,1,1,0,50.1,23.4,7.12,6,0,6,0.0,640.0,0
14.437,261,1,1,0,50.1,23.74,7.12,5,0,5,0.0,640.0,0
14.492,262,1,1,0,50.1,23.28,7.12,5,0,5,0.0,640.0,0
14.547,263,1,1,0,50.1,23.27,7.12,4,0,4,0.0,640.0,0
14.601,264,1,1,0,50.1,23.39,7.12,3,0,3,0.0,640.0,0
14.655,265,1,1,0,50.1,23.53,7.12,4,0,4,0.0,640.0,0
14.71,266,1,1,0,50.1,23.35,7.12,3,0,3,0.0,640.0,0
14.764,267,1,1,0,50.1,23.61,7.12,3,0,3,0.0,640.0,0
14.819,268,1,1,0,50.1,23.3,7.12,3,0,3,0.0,640.0,0
14.873,269,1,1,0,50.1,23.32,7.12,4,0,4,0.0,640.0,0
14.927,270,1,1,0,50.1,23.28,7.12,4,0,4,80.0,720.0,1
14.983,271,1,1,0,50.1,34.97,7.12,3,0,3,0.0,720.0,0
15.049,272,1,1,0,50.1,23.48,7.12,3,0,3,0.0,720.0,0
15.104,273,1,1,0,50.1,23.68,7.12,3,1,2,3.0,723.0,0
15.159,274,1,1,0,50.1,34.59,7.12,4,0,4,0.0,723.0,0
15.224,275,1,1,0,50.1,23.3,7.12,3,1,2,3.0,726.0,0
15.278,276,1,1,0,49.8,23.2,7.12,4,0,4,0.0,726.0,0
15.333,277,1,1,0,49.8,23.65,7.12,4,0,4,0.0,726.0,0
15.387,278,1,1,0,49.8,23.28,7.12,5,0,5,0.0,726.0,0
15.442,279,1,1,0,49.8,23.65,7.12,5,0,5,0.0,726.0,0
15.497,280,1,1,0,49.8,23.22,7.12,4,0,4,0.0,726.0,0
15.551,281,1,1,0,49.8,23.38,7.12,3,0,3,0.0,726.0,0
15.605,282,1,1,0,49.8,23.36,7.12,3,0,3,0.0,726.0,0
15.66,283,1,1,0,49.8,23.73,7.12,3,0,3,0.0,726.0,0
15.714,284,1,1,0,49.8,23.45,7.12,5,0,5,0.0,726.0,0
15.769,285,1,1,0,49.8,23.63,7.12,4,0,4,0.0,726.0,0
15.824,286,1,1,0,49.8,23.33,7.12,4,0,4,0.0,726.0,0
15.878,287,1,1,0,49.8,23.47,7.12,4,0,4,0.0,726.0,0
15.933,288,1,1,0,49.8,23.36,7.12,3,0,3,0.0,726.0,0
15.987,289,1,1,0,49.8,23.71,7.12,4,0,4,0.0,726.0,0
16.042,290,1,1,0,49.8,23.29,7.12,4,0,4,0.0,726.0,0
16.097,291,1,1,0,49.8,23.55,7.12,3,0,3,0.0,726.0,0
16.151,292,1,1,0,49.8,23.3,7.12,2,0,2,0.0,726.0,0
16.205,293,1,1,0,49.8,23.29,7.12,2,0,2,0.0,726.0,0
16.259,294,1,1,0,49.8,23.39,7.12,2,0,2,0.0,726.0,0
16.313,295,1,1,0,50.2,23.6,7.12,2,0,2,0.0,726.0,0
16.369,296,1,1,0,50.2,23.3,7.12,3,0,3,0.0,726.0,0
16.423,297,1,1,0,50.2,23.79,7.12,2,0,2,0.0,726.0,0
16.478,298,1,1,0,50.2,23.34,7.12,3,0,3,0.0,726.0,0
16.532,299,1,1,0,50.2,23.24,7.12,3,1,2,3.0,729.0,0
16.586,300,1,1,0,50.2,23.25,7.12,2,1,1,3.0,732.0,0
16.64,301,1,1,0,50.2,23.63,7.12,2,0,2,0.0,732.0,0
16.695,302,1,1,0,50.2,23.19,7.12,2,0,2,0.0,732.0,0
16.748,303,1,1,0,50.2,23.6,7.12,3,0,3,0.0,732.0,0
16.803,304,1,1,0,50.2,23.32,7.12,2,0,2,0.0,732.0,0
16.857,305,1,1,0,50.2,23.28,7.12,3,0,3,0.0,732.0,0
16.911,306,1,1,0,50.2,23.28,7.12,4,0,4,0.0,732.0,0
16.966,307,1,1,0,50.2,23.61,7.12,3,0,3,0.0,732.0,0
17.02,308,1,1,0,50.2,23.42,7.12,3,0,3,0.0,732.0,0
17.075,309,1,1,0,50.2,23.63,7.12,2,0,2,0.0,732.0,0
17.129,310,1,1,0,50.2,23.57,7.12,3,0,3,0.0,732.0,0
17.183,311,1,1,0,50.2,23.33,7.12,3,0,3,0.0,732.0,0
17.238,312,1,1,0,50.2,23.41,7.12,2,0,2,0.0,732.0,0
17.292,313,1,1,0,50.3,23.56,7.12,3,0,3,0.0,732.0,0
17.346,314,1,1,0,50.3,23.31,7.12,3,0,3,0.0,732.0,0
17.401,315,1,1,0,50.3,23.83,7.12,2,0,2,0.0,732.0,0
17.455,316,1,1,0,50.3,23.21,7.12,3,0,3,0.0,732.0,0
17.51,317,1,1,0,50.3,23.43,7.12,3,0,3,0.0,732.0,0
17.564,318,1,1,0,50.3,23.29,7.12,4,0,4,0.0,732.0,0
17.618,319,1,1,0,50.3,23.61,7.12,2,0,2,0.0,732.0,0
17.673,320,1,1,0,50.3,23.25,7.12,3,0,3,0.0,732.0,0
17.729,321,1,1,0,50.3,23.58,7.12,2,0,2,0.0,732.0,0
17.783,322,1,1,0,50.3,23.22,7.12,2,0,2,0.0,732.0,0
17.837,323,1,1,0,50.3,23.22,7.12,2,0,2,0.0,732.0,0
17.891,324,1,1,0,50.3,23.28,7.12,3,0,3,0.0,732.0,0
17.945,325,1,1,0,50.3,24.04,7.12,3,0,3,0.0,732.0,0
18.0,326,1,1,0,50.3,23.23,7.12,2,0,2,0.0,732.0,0
18.054,327,1,1,0,50.3,23.56,7.12,2,0,2,0.0,732.0,0
18.109,328,1,1,0,50.3,23.25,7.12,2,0,2,0.0,732.0,0
18.163,329,1,1,0,50.3,23.52,7.12,3,0,3,0.0,732.0,0
18.217,330,1,1,0,50.3,23.26,7.12,3,1,2,3.0,735.0,0
18.271,331,1,1,0,50.1,23.53,7.12,3,0,3,0.0,735.0,0
18.326,332,1,1,0,50.1,23.43,7.12,3,0,3,0.0,735.0,0
18.38,333,1,1,0,50.1,23.82,7.12,3,0,3,0.0,735.0,0
18.435,334,1,1,0,50.1,23.23,7.12,3,0,3,0.0,735.0,0
18.49,335,1,1,0,50.1,23.35,7.12,3,0,3,0.0,735.0,0
18.544,336,1,1,0,50.1,23.22,7.12,3,0,3,0.0,735.0,0
18.598,337,1,1,0,50.1,23.66,7.12,3,0,3,0.0,735.0,0
18.652,338,1,1,0,50.1,23.35,7.12,3,0,3,0.0,735.0,0
18.707,339,1,1,0,50.1,23.61,7.12,3,0,3,0.0,735.0,0
18.761,340,1,1,0,50.1,23.45,7.12,2,0,2,0.0,735.0,0
18.815,341,1,1,0,50.1,23.18,7.12,2,0,2,0.0,735.0,0
18.869,342,1,1,0,50.1,23.39,7.12,2,0,2,0.0,735.0,0
18.923,343,1,1,0,50.1,23.81,7.12,2,0,2,0.0,735.0,0
18.978,344,1,1,0,50.1,23.36,7.12,2,0,2,0.0,735.0,0
19.032,345,1,1,0,50.1,23.76,7.12,2,0,2,0.0,735.0,0
19.087,346,1,1,0,50.1,24.11,7.12,2,0,2,0.0,735.0,0
19.144,347,1,1,0,50.1,23.22,7.12,2,0,2,0.0,735.0,0
19.198,348,1,1,0,50.1,23.32,7.12,2,0,2,0.0,735.0,0
19.252,349,1,1,0,50.1,23.96,7.12,2,0,2,0.0,735.0,0
19.306,350,1,1,0,50.2,23.26,7.12,2,0,2,0.0,735.0,0
19.36,351,1,1,0,50.2,23.55,7.12,2,0,2,0.0,735.0,0
19.415,352,1,1,0,50.2,23.58,7.12,2,0,2,0.0,735.0,0
19.469,353,1,1,0,50.2,23.2,7.12,2,0,2,0.0,735.0,0
19.523,354,1,1,0,50.2,23.31,7.12,2,0,2,0.0,735.0,0
19.577,355,1,1,0,50.2,23.54,7.12,2,0,2,0.0,735.0,0
19.631,356,1,1,0,50.2,23.3,7.12,2,0,2,0.0,735.0,0
19.685,357,1,1,0,50.2,23.63,7.12,2,0,2,0.0,735.0,0
19.74,358,1,1,0,50.2,23.27,7.12,2,0,2,0.0,735.0,0
19.794,359,1,1,0,50.2,23.37,7.12,2,0,2,0.0,735.0,0
19.848,360,1,1,0,50.2,23.26,7.12,3,0,3,0.0,735.0,0
19.902,361,1,1,0,50.2,23.62,7.12,3,0,3,0.0,735.0,0
19.957,362,1,1,0,50.2,23.21,7.12,2,0,2,0.0,735.0,0
20.01,363,1,1,0,50.2,23.61,7.12,2,0,2,0.0,735.0,0
20.065,364,1,1,0,50.2,23.16,7.12,2,0,2,0.0,735.0,0
20.119,365,1,1,0,50.2,23.28,7.12,2,0,2,0.0,735.0,0
20.173,366,1,1,0,50.2,36.64,7.12,3,0,3,0.0,735.0,0
20.24,367,1,1,0,50.2,23.59,7.12,2,0,2,0.0,735.0,0
20.295,368,1,1,0,50.1,23.19,7.12,2,0,2,0.0,735.0,0
20.349,369,1,1,0,50.1,23.61,7.12,2,0,2,0.0,735.0,0
20.403,370,1,1,0,50.1,23.42,7.12,2,0,2,0.0,735.0,0
20.459,371,1,1,0,50.1,23.3,7.12,2,0,2,0.0,735.0,0
20.513,372,1,1,0,50.1,23.32,7.12,2,0,2,0.0,735.0,0
20.567,373,1,1,0,50.1,23.66,7.12,2,0,2,0.0,735.0,0
20.621,374,1,1,0,50.1,23.21,7.12,2,0,2,0.0,735.0,0
20.675,375,1,1,0,50.1,23.57,7.12,2,0,2,0.0,735.0,0
20.729,376,1,1,0,50.1,23.26,7.12,2,0,2,0.0,735.0,0
20.783,377,1,1,0,50.1,23.88,7.12,2,0,2,0.0,735.0,0
20.838,378,1,1,0,50.1,23.3,7.12,2,0,2,0.0,735.0,0
20.892,379,1,1,0,50.1,23.65,7.12,2,0,2,0.0,735.0,0
20.946,380,1,1,0,50.1,23.31,7.12,2,0,2,0.0,735.0,0
21.0,381,1,1,0,50.1,23.65,7.12,2,1,1,3.0,738.0,0
21.055,382,1,1,0,50.1,23.33,7.12,2,1,1,3.0,741.0,0
21.109,383,1,1,0,50.1,23.26,7.12,2,0,2,0.0,741.0,0
21.163,384,1,1,0,50.1,23.3,7.12,2,0,2,0.0,741.0,0
21.217,385,1,1,0,50.1,23.64,7.12,2,0,2,0.0,741.0,0
21.271,386,1,1,0,50.2,23.31,7.12,2,0,2,0.0,741.0,0
21.325,387,1,1,0,50.2,23.57,7.12,2,0,2,0.0,741.0,0
21.379,388,1,1,0,50.2,23.37,7.12,2,0,2,0.0,741.0,0
21.434,389,1,1,0,50.2,23.39,7.12,2,0,2,0.0,741.0,0
21.488,390,1,1,0,50.2,23.22,7.12,3,0,3,0.0,741.0,0
21.542,391,1,1,0,50.2,23.52,7.12,4,0,4,0.0,741.0,0
21.596,392,1,1,0,50.2,23.28,7.12,2,0,2,0.0,741.0,0
21.65,393,1,1,0,50.2,23.21,7.12,3,0,3,0.0,741.0,0
21.705,394,1,1,0,50.2,23.21,7.12,3,0,3,0.0,741.0,0
21.759,395,1,1,0,50.2,23.31,7.12,2,0,2,0.0,741.0,0
21.813,396,1,1,0,50.2,23.18,7.12,1,0,1,0.0,741.0,0
21.868,397,1,1,0,50.2,23.58,7.12,2,0,2,0.0,741.0,0
21.922,398,1,1,0,50.2,23.25,7.12,2,0,2,0.0,741.0,0
21.976,399,1,1,0,50.2,23.21,7.12,2,0,2,0.0,741.0,0
22.03,400,1,1,0,50.2,23.32,7.12,2,0,2,0.0,741.0,0
22.084,401,1,1,0,50.2,23.16,7.12,2,0,2,0.0,741.0,0
22.138,402,1,1,0,50.2,23.34,7.12,2,0,2,0.0,741.0,0
22.192,403,1,1,0,50.2,23.5,7.12,1,0,1,0.0,741.0,0
22.246,404,1,1,0,50.2,23.21,7.12,1,0,1,0.0,741.0,0
22.3,405,1,1,0,50.1,23.38,7.12,2,0,2,0.0,741.0,0
22.354,406,1,1,0,50.1,23.2,7.12,2,0,2,0.0,741.0,0
22.408,407,1,1,0,50.1,23.47,7.12,1,0,1,0.0,741.0,0
22.462,408,1,1,0,50.1,23.31,7.12,1,1,0,3.0,744.0,0
22.516,409,1,1,0,50.1,23.58,7.12,1,0,1,0.0,744.0,0
22.57,410,1,1,0,50.1,23.2,7.12,1,0,1,0.0,744.0,0
22.624,411,1,1,0,50.1,23.19,7.12,1,0,1,0.0,744.0,0
22.678,412,1,1,0,50.1,23.57,7.12,1,0,1,0.0,744.0,0
22.732,413,1,1,0,50.1,23.13,7.12,1,0,1,0.0,744.0,0
22.786,414,1,1,0,50.1,23.34,7.12,1,0,1,0.0,744.0,0
22.839,415,1,1,0,50.1,23.54,7.12,1,0,1,0.0,744.0,0
22.893,416,1,1,0,50.1,23.22,7.12,1,0,1,0.0,744.0,0
22.947,417,1,1,0,50.1,23.41,7.12,1,1,0,3.0,747.0,0
23.001,418,1,1,0,50.1,23.62,7.12,1,1,0,3.0,750.0,0
23.055,419,1,1,0,50.1,23.32,7.12,1,1,0,3.0,753.0,0
23.109,420,1,1,0,50.1,23.18,7.12,1,1,0,3.0,756.0,0
23.163,421,1,1,0,50.1,23.62,7.12,1,1,0,3.0,759.0,0
23.219,422,1,1,0,50.1,23.21,7.12,1,1,0,3.0,762.0,0
23.273,423,1,1,0,50.4,23.3,7.12,1,0,1,0.0,762.0,0
23.326,424,1,1,0,50.4,23.48,7.12,1,0,1,0.0,762.0,0
23.38,425,1,1,0,50.4,23.33,7.12,1,0,1,0.0,762.0,0
23.435,426,1,1,0,50.4,23.21,7.12,1,0,1,0.0,762.0,0
23.488,427,1,1,0,50.4,23.51,7.12,1,0,1,0.0,762.0,0
23.542,428,1,1,0,50.4,23.17,7.12,2,0,2,0.0,762.0,0
23.596,429,1,1,0,50.4,23.16,7.12,1,0,1,0.0,762.0,0
23.65,430,1,1,0,50.4,23.51,7.12,1,0,1,0.0,762.0,0
23.704,431,1,1,0,50.4,23.17,7.12,2,0,2,0.0,762.0,0
23.758,432,1,1,0,50.4,23.3,7.12,2,1,1,3.0,765.0,0
23.812,433,1,1,0,50.4,23.6,7.12,3,1,2,3.0,768.0,0
23.866,434,1,1,0,50.4,23.31,7.12,3,1,2,3.0,771.0,0
23.92,435,1,1,0,50.4,23.54,7.12,1,1,0,3.0,774.0,0
23.974,436,1,1,0,50.4,23.7,7.12,2,1,1,3.0,777.0,0
24.029,437,1,1,0,50.4,23.25,7.12,3,1,2,3.0,780.0,0
24.083,438,1,1,0,50.4,23.41,7.12,1,0,1,0.0,780.0,0
24.137,439,1,1,0,50.4,23.54,7.12,2,1,1,3.0,783.0,0
24.191,440,1,1,0,50.4,23.19,7.12,2,1,1,3.0,786.0,0
24.245,441,1,1,0,50.4,23.25,7.12,2,1,1,3.0,789.0,0
24.299,442,1,1,0,50.2,23.6,7.12,2,1,1,3.0,792.0,0
24.353,443,1,1,0,50.2,23.23,7.12,2,1,1,3.0,795.0,0
24.407,444,1,1,0,50.2,23.53,7.12,3,0,3,0.0,795.0,0
24.462,445,1,1,0,50.2,23.58,7.12,2,1,1,3.0,798.0,0
24.516,446,1,1,0,50.2,23.29,7.12,2,0,2,0.0,798.0,0
24.57,447,1,1,0,50.2,23.37,7.12,2,0,2,0.0,798.0,0
24.626,448,1,1,0,50.2,23.59,7.12,2,0,2,0.0,798.0,0
24.68,449,1,1,0,50.2,23.3,7.12,2,0,2,0.0,798.0,0
24.734,450,1,1,0,50.2,23.31,7.12,2,0,2,0.0,798.0,0
24.788,451,1,1,0,50.2,23.52,7.12,2,0,2,0.0,798.0,0
24.843,452,1,1,0,50.2,23.22,7.12,2,0,2,0.0,798.0,0
24.897,453,1,1,0,50.2,23.24,7.12,2,0,2,0.0,798.0,0
24.951,454,1,1,0,50.2,23.5,7.12,2,0,2,0.0,798.0,0
25.005,455,1,1,0,50.2,23.25,7.12,3,0,3,0.0,798.0,0
25.059,456,1,1,0,50.2,23.26,7.12,2,0,2,0.0,798.0,0
25.113,457,1,1,0,50.2,23.61,7.12,2,0,2,0.0,798.0,0
25.167,458,1,1,0,50.2,23.26,7.12,2,0,2,0.0,798.0,0
25.221,459,1,1,0,50.2,33.21,7.12,2,0,2,0.0,798.0,0
25.286,460,1,1,0,50.5,23.57,7.12,2,0,2,0.0,798.0,0
25.34,461,1,1,0,50.5,23.21,7.12,2,0,2,0.0,798.0,0
25.394,462,1,1,0,50.5,23.51,7.12,2,0,2,0.0,798.0,0
25.448,463,1,1,0,50.5,23.75,7.12,2,0,2,0.0,798.0,0
25.503,464,1,1,0,50.5,23.4,7.12,2,0,2,0.0,798.0,0
25.557,465,1,1,0,50.5,23.34,7.12,2,0,2,0.0,798.0,0
25.611,466,1,1,0,50.5,23.86,7.12,2,0,2,0.0,798.0,0
25.665,467,1,1,0,50.5,23.2,7.12,2,0,2,0.0,798.0,0
25.719,468,1,1,0,50.5,23.3,7.12,2,0,2,0.0,798.0,0
25.773,469,1,1,0,50.5,23.64,7.12,2,0,2,0.0,798.0,0
25.828,470,1,1,0,50.5,23.17,7.12,3,0,3,0.0,798.0,0
25.882,471,1,1,0,50.5,23.34,7.12,2,0,2,0.0,798.0,0
25.937,472,1,1,0,50.5,23.55,7.12,2,0,2,0.0,798.0,0
25.992,473,1,1,0,50.5,23.25,7.12,2,0,2,0.0,798.0,0
26.045,474,1,1,0,50.5,23.29,7.12,2,0,2,0.0,798.0,0
26.099,475,1,1,0,50.5,23.57,7.12,2,0,2,0.0,798.0,0
26.154,476,1,1,0,50.5,23.4,7.12,2,0,2,0.0,798.0,0
26.208,477,1,1,0,50.5,23.3,7.12,2,0,2,0.0,798.0,0
26.262,478,1,1,0,50.5,23.59,7.12,2,0,2,0.0,798.0,0
26.316,479,1,1,0,50.3,23.27,7.12,2,0,2,0.0,798.0,0
26.37,480,1,1,0,50.3,23.3,7.12,2,0,2,0.0,798.0,0
26.425,481,1,1,0,50.3,23.71,7.12,2,0,2,0.0,798.0,0
26.479,482,1,1,0,50.3,23.2,7.12,2,0,2,0.0,798.0,0
26.533,483,1,1,0,50.3,23.17,7.12,2,0,2,0.0,798.0,0
26.587,484,1,1,0,50.3,23.55,7.12,2,0,2,0.0,798.0,0
26.641,485,1,1,0,50.3,23.2,7.12,2,0,2,0.0,798.0,0
26.695,486,1,1,0,50.3,23.26,7.12,2,0,2,0.0,798.0,0
26.749,487,1,1,0,50.3,23.64,7.12,2,0,2,0.0,798.0,0
26.803,488,1,1,0,50.3,23.34,7.12,3,0,3,0.0,798.0,0
26.857,489,1,1,0,50.3,23.28,7.12,3,0,3,0.0,798.0,0
26.911,490,1,1,0,50.3,23.6,7.12,3,0,3,0.0,798.0,0
26.966,491,1,1,0,50.3,23.28,7.12,3,0,3,0.0,798.0,0
27.02,492,1,1,0,50.3,23.33,7.12,3,0,3,0.0,798.0,0
27.074,493,1,1,0,50.3,23.69,7.12,3,0,3,0.0,798.0,0
27.129,494,1,1,0,50.3,23.19,7.12,3,0,3,0.0,798.0,0
27.183,495,1,1,0,50.3,23.25,7.12,3,0,3,0.0,798.0,0
27.237,496,1,1,0,50.3,23.63,7.12,4,0,4,0.0,798.0,0
27.292,497,1,1,0,50.2,23.25,7.12,3,0,3,0.0,798.0,0
27.347,498,1,1,0,50.2,23.28,7.12,3,0,3,0.0,798.0,0
27.401,499,1,1,0,50.2,23.8,7.12,4,0,4,0.0,798.0,0
27.457,500,1,1,0,50.2,23.37,7.12,3,0,3,0.0,798.0,0
27.511,501,1,1,0,50.2,23.35,7.12,4,0,4,0.0,798.0,0
27.565,502,1,1,0,50.2,23.72,7.12,3,0,3,0.0,798.0,0
27.62,503,1,1,0,50.2,23.34,7.12,5,0,5,0.0,798.0,0
27.674,504,1,1,0,50.2,23.31,7.12,4,0,4,0.0,798.0,0
27.729,505,1,1,0,50.2,23.91,7.12,2,0,2,0.0,798.0,0
27.783,506,1,1,0,50.2,23.25,7.12,8,0,8,0.0,798.0,0
27.839,507,1,1,0,50.2,23.22,7.12,4,0,4,0.0,798.0,0
27.893,508,1,1,0,50.2,23.62,7.12,5,0,5,0.0,798.0,0
27.948,509,1,1,0,50.2,23.3,7.12,2,0,2,0.0,798.0,0
28.002,510,1,1,0,50.2,23.35,7.12,5,0,5,0.0,798.0,0
28.057,511,1,1,0,50.2,23.61,7.12,5,0,5,0.0,798.0,0
28.111,512,1,1,0,50.2,23.19,7.12,6,0,6,0.0,798.0,0
28.166,513,1,1,0,50.2,23.36,7.12,4,0,4,0.0,798.0,0
28.221,514,1,1,0,50.2,23.78,7.12,6,0,6,0.0,798.0,0
28.276,515,1,1,0,50.2,23.43,7.12,5,0,5,0.0,798.0,0
28.331,516,1,1,0,50.2,23.2,7.12,4,0,4,0.0,798.0,0
28.385,517,1,1,0,50.2,23.65,7.12,8,0,8,0.0,798.0,0
28.441,518,1,1,0,50.2,23.28,7.12,8,0,8,0.0,798.0,0
28.496,519,1,1,0,50.2,23.42,7.12,5,0,5,0.0,798.0,0
28.551,520,1,1,0,50.2,23.6,7.12,5,0,5,0.0,798.0,0
28.606,521,1,1,0,50.2,23.38,7.12,5,0,5,0.0,798.0,0
28.66,522,1,1,0,50.2,23.27,7.12,7,0,7,0.0,798.0,0
28.717,523,1,1,0,50.2,25.17,7.12,6,0,6,0.0,798.0,0
28.774,524,1,1,0,50.2,23.43,7.12,5,0,5,0.0,798.0,0
28.829,525,1,1,0,50.2,23.4,7.12,8,0,8,0.0,798.0,0
28.884,526,1,1,0,50.2,23.97,7.12,7,0,7,0.0,798.0,0
28.94,527,1,1,0,50.2,23.24,7.12,6,0,6,0.0,798.0,0
28.995,528,1,1,0,50.2,23.39,7.12,3,0,3,0.0,798.0,0
29.049,529,1,1,0,50.2,23.62,7.12,8,0,8,0.0,798.0,0
29.104,530,1,1,0,50.2,23.33,7.12,8,0,8,0.0,798.0,0
29.16,531,1,1,0,50.2,23.27,7.12,10,0,10,0.0,798.0,0
29.215,532,1,1,0,50.2,23.29,7.12,6,0,6,0.0,798.0,0
29.27,533,1,1,0,50.2,23.49,7.12,6,0,6,0.0,798.0,0
29.325,534,1,1,0,50.4,23.37,7.12,7,0,7,0.0,798.0,0
29.38,535,1,1,0,50.4,23.78,7.12,8,0,8,0.0,798.0,0
29.436,536,1,1,0,50.4,23.35,7.12,9,0,9,0.0,798.0,0
29.491,537,1,1,0,50.4,23.37,7.12,8,0,8,0.0,798.0,0
29.546,538,1,1,0,50.4,23.24,7.12,6,0,6,0.0,798.0,0
29.601,539,1,1,0,50.4,23.26,7.12,6,0,6,0.0,798.0,0
29.656,540,1,1,0,50.4,23.31,7.12,6,0,6,0.0,798.0,0
29.711,541,1,1,0,50.4,23.61,7.12,7,0,7,0.0,798.0,0
29.766,542,1,1,0,50.4,23.21,7.12,7,0,7,0.0,798.0,0
29.821,543,1,1,0,50.4,23.24,7.12,7,0,7,0.0,798.0,0
29.876,544,1,1,0,50.4,23.21,7.12,7,0,7,0.0,798.0,0
29.931,545,1,1,0,50.4,23.37,7.12,8,0,8,0.0,798.0,0
29.986,546,1,1,0,50.4,23.33,7.12,7,0,7,0.0,798.0,0
30.043,547,1,1,0,50.4,23.69,7.12,6,0,6,0.0,798.0,0
30.098,548,1,1,0,50.4,23.29,7.12,7,0,7,0.0,798.0,0
30.153,549,1,1,0,50.4,23.34,7.12,6,0,6,0.0,798.0,0
30.208,550,1,1,0,50.4,23.23,7.12,6,0,6,0.0,798.0,0
30.263,551,1,1,0,50.4,37.97,7.12,5,0,5,0.0,798.0,0
30.332,552,1,1,0,50.5,23.25,7.12,5,0,5,0.0,798.0,0
30.387,553,1,1,0,50.5,23.72,7.12,4,0,4,0.0,798.0,0
30.442,554,1,1,0,50.5,23.37,7.12,5,0,5,0.0,798.0,0
30.497,555,1,1,0,50.5,23.26,7.12,7,0,7,0.0,798.0,0
30.551,556,1,1,0,50.5,23.35,7.12,7,0,7,0.0,798.0,0
30.607,557,1,1,0,50.5,23.36,7.12,6,0,6,0.0,798.0,0
30.661,558,1,1,0,50.5,23.27,7.12,6,0,6,0.0,798.0,0
30.716,559,1,1,0,50.5,23.63,7.12,4,0,4,0.0,798.0,0
30.771,560,1,1,0,50.5,23.25,7.12,5,0,5,0.0,798.0,0
30.826,561,1,1,0,50.5,23.37,7.12,4,0,4,0.0,798.0,0
30.88,562,1,1,0,50.5,23.23,7.12,4,0,4,0.0,798.0,0
30.934,563,1,1,0,50.5,23.29,7.12,4,0,4,0.0,798.0,0
30.989,564,1,1,0,50.5,23.63,7.12,4,0,4,0.0,798.0,0
31.044,565,1,1,0,50.5,23.77,7.12,4,0,4,0.0,798.0,0
31.099,566,1,1,0,50.5,23.39,7.12,5,0,5,0.0,798.0,0
31.154,567,1,1,0,50.5,23.46,7.12,4,0,4,0.0,798.0,0
31.208,568,1,1,0,50.5,23.31,7.12,6,0,6,0.0,798.0,0
31.263,569,1,1,0,50.5,23.35,7.12,5,0,5,0.0,798.0,0
31.318,570,1,1,0,50.4,23.29,7.12,6,0,6,0.0,798.0,0
31.372,571,1,1,0,50.4,23.67,7.12,4,0,4,0.0,798.0,0
31.427,572,1,1,0,50.4,23.35,7.12,6,0,6,0.0,798.0,0
31.482,573,1,1,0,50.4,23.26,7.12,3,0,3,0.0,798.0,0
31.538,574,1,1,0,50.4,23.3,7.12,5,0,5,0.0,798.0,0
31.593,575,1,1,0,50.4,23.28,7.12,3,0,3,0.0,798.0,0
31.647,576,1,1,0,50.4,23.24,7.12,4,0,4,0.0,798.0,0
31.701,577,1,1,0,50.4,23.63,7.12,4,0,4,0.0,798.0,0
31.756,578,1,1,0,50.4,23.41,7.12,3,0,3,0.0,798.0,0
31.81,579,1,1,0,50.4,23.26,7.12,4,0,4,0.0,798.0,0
31.865,580,1,1,0,50.4,23.43,7.12,4,0,4,0.0,798.0,0
31.919,581,1,1,0,50.4,23.32,7.12,3,0,3,0.0,798.0,0
31.973,582,1,1,0,50.4,23.2,7.12,4,0,4,0.0,798.0,0
32.028,583,1,1,0,50.4,23.73,7.12,4,0,4,0.0,798.0,0
32.083,584,1,1,0,50.4,23.33,7.12,4,0,4,0.0,798.0,0
32.137,585,1,1,0,50.4,23.34,7.12,3,0,3,0.0,798.0,0
32.191,586,1,1,0,50.4,23.27,7.12,4,0,4,0.0,798.0,0
32.246,587,1,1,0,50.4,23.35,7.12,4,0,4,0.0,798.0,0
32.3,588,1,1,0,50.4,23.37,7.12,4,0,4,0.0,798.0,0
32.355,589,1,1,0,50.4,24.1,7.12,4,0,4,0.0,798.0,0
32.41,590,1,1,0,50.4,23.64,7.12,5,0,5,0.0,798.0,0
32.465,591,1,1,0,50.4,23.38,7.12,5,0,5,0.0,798.0,0
32.52,592,1,1,0,50.4,23.33,7.12,5,0,5,0.0,798.0,0
32.574,593,1,1,0,50.4,23.23,7.12,4,0,4,0.0,798.0,0
32.629,594,1,1,0,50.4,23.35,7.12,3,0,3,0.0,798.0,0
32.683,595,1,1,0,50.4,23.6,7.12,3,0,3,0.0,798.0,0
32.737,596,1,1,0,50.4,23.38,7.12,2,0,2,0.0,798.0,0
32.791,597,1,1,0,50.4,23.23,7.12,3,0,3,0.0,798.0,0
32.845,598,1,1,0,50.4,23.26,7.12,4,0,4,0.0,798.0,0
32.9,599,1,1,0,50.4,23.27,7.12,2,0,2,0.0,798.0,0
32.955,600,1,1,0,50.4,23.29,7.12,1,0,1,0.0,798.0,0
33.009,601,1,1,0,50.4,24.25,7.12,1,0,1,0.0,798.0,0
33.064,602,1,1,0,50.4,23.3,7.12,1,0,1,0.0,798.0,0
33.118,603,1,1,0,50.4,23.71,7.12,2,0,2,0.0,798.0,0
33.172,604,1,1,0,50.4,23.27,7.12,2,0,2,0.0,798.0,0
33.226,605,1,1,0,50.4,23.15,7.12,2,0,2,0.0,798.0,0
33.28,606,1,1,0,50.4,23.22,7.12,2,0,2,0.0,798.0,0
33.334,607,1,1,0,50.4,23.55,7.12,3,0,3,0.0,798.0,0
33.388,608,1,1,0,50.4,23.32,7.12,2,0,2,0.0,798.0,0
33.443,609,1,1,0,50.4,23.33,7.12,3,0,3,0.0,798.0,0
33.497,610,1,1,0,50.4,23.25,7.12,2,0,2,0.0,798.0,0
33.551,611,1,1,0,50.4,23.21,7.12,2,0,2,0.0,798.0,0
33.605,612,1,1,0,50.4,23.3,7.12,2,0,2,0.0,798.0,0
33.659,613,1,1,0,50.4,23.55,7.12,2,0,2,0.0,798.0,0
33.713,614,1,1,0,50.4,23.25,7.12,1,0,1,0.0,798.0,0
33.767,615,1,1,0,50.4,23.38,7.12,2,0,2,0.0,798.0,0
33.821,616,1,1,0,50.4,23.23,7.12,2,0,2,0.0,798.0,0
33.875,617,1,1,0,50.4,23.42,7.12,1,0,1,0.0,798.0,0
33.928,618,1,1,0,50.4,23.38,7.12,2,0,2,0.0,798.0,0
33.983,619,1,1,0,50.4,23.28,7.12,2,0,2,0.0,798.0,0
34.036,620,1,1,0,50.4,23.28,7.12,2,0,2,0.0,798.0,0
34.09,621,1,1,0,50.4,23.29,7.12,1,0,1,0.0,798.0,0
34.144,622,1,1,0,50.4,23.13,7.12,1,0,1,0.0,798.0,0
34.198,623,1,1,0,50.4,23.18,7.12,1,0,1,0.0,798.0,0
34.253,624,1,1,0,50.4,23.19,7.12,2,0,2,0.0,798.0,0
34.307,625,1,1,0,50.7,23.22,7.12,1,0,1,0.0,798.0,0
34.36,626,1,1,0,50.7,23.32,7.12,1,0,1,0.0,798.0,0
34.414,627,1,1,0,50.7,23.5,7.12,1,0,1,0.0,798.0,0
34.468,628,1,1,0,50.7,23.26,7.12,2,0,2,0.0,798.0,0
34.522,629,1,1,0,50.7,23.28,7.12,1,0,1,0.0,798.0,0
34.576,630,1,1,0,50.7,23.31,7.12,2,0,2,0.0,798.0,0
34.63,631,1,1,0,50.7,23.42,7.12,3,0,3,0.0,798.0,0
34.684,632,1,1,0,50.7,23.2,7.12,2,0,2,0.0,798.0,0
34.738,633,1,1,0,50.7,23.28,7.12,2,0,2,0.0,798.0,0
34.792,634,1,1,0,50.7,23.29,7.12,2,0,2,0.0,798.0,0
34.846,635,1,1,0,50.7,23.34,7.12,2,0,2,0.0,798.0,0
34.9,636,1,1,0,50.7,23.14,7.12,1,0,1,0.0,798.0,0
34.954,637,1,1,0,50.7,23.4,7.12,1,0,1,0.0,798.0,0
35.008,638,1,1,0,50.7,23.19,7.12,1,0,1,0.0,798.0,0
35.061,639,1,1,0,50.7,23.49,7.12,3,0,3,0.0,798.0,0
35.116,640,1,1,0,50.7,23.35,7.12,3,0,3,0.0,798.0,0
35.17,641,1,1,0,50.7,23.34,7.12,2,0,2,0.0,798.0,0
35.224,642,1,1,0,50.7,23.3,7.12,3,0,3,0.0,798.0,0
35.278,643,1,1,0,50.7,34.46,7.12,3,0,3,0.0,798.0,0
35.344,644,1,1,0,50.8,23.26,7.12,3,0,3,0.0,798.0,0
35.398,645,1,1,0,50.8,23.61,7.12,2,0,2,0.0,798.0,0
35.452,646,1,1,0,50.8,23.17,7.12,2,0,2,0.0,798.0,0
35.506,647,1,1,0,50.8,23.29,7.12,1,0,1,0.0,798.0,0
35.56,648,1,1,0,50.8,23.29,7.12,1,0,1,0.0,798.0,0
35.615,649,1,1,0,50.8,23.22,7.12,1,0,1,0.0,798.0,0
35.669,650,1,1,0,50.8,23.26,7.12,1,0,1,0.0,798.0,0
35.723,651,1,1,0,50.8,23.28,7.12,2,0,2,0.0,798.0,0
35.777,652,1,1,0,50.8,23.36,7.12,2,0,2,0.0,798.0,0
35.831,653,1,1,0,50.8,23.32,7.12,2,0,2,0.0,798.0,0
35.885,654,1,1,0,50.8,23.28,7.12,3,0,3,0.0,798.0,0
35.939,655,1,1,0,50.8,23.31,7.12,2,0,2,0.0,798.0,0
35.993,656,1,1,0,50.8,23.33,7.12,3,0,3,0.0,798.0,0
36.047,657,1,1,0,50.8,23.24,7.12,3,0,3,0.0,798.0,0
36.101,658,1,1,0,50.8,23.24,7.12,3,0,3,0.0,798.0,0
36.155,659,1,1,0,50.8,23.34,7.12,2,0,2,0.0,798.0,0
36.209,660,1,1,0,50.8,23.21,7.12,3,0,3,0.0,798.0,0
36.264,661,1,1,0,50.8,24.56,7.12,3,0,3,0.0,798.0,0
36.319,662,1,1,0,50.6,23.92,7.12,3,0,3,0.0,798.0,0
36.374,663,1,1,0,50.6,23.37,7.12,3,0,3,0.0,798.0,0
36.428,664,1,1,0,50.6,23.66,7.12,3,0,3,0.0,798.0,0
36.483,665,1,1,0,50.6,23.23,7.12,4,0,4,0.0,798.0,0
36.537,666,1,1,0,50.6,23.21,7.12,3,0,3,0.0,798.0,0
36.591,667,1,1,0,50.6,23.19,7.12,2,0,2,0.0,798.0,0
36.645,668,1,1,0,50.6,23.24,7.12,2,0,2,0.0,798.0,0
36.699,669,1,1,0,50.6,23.37,7.12,2,0,2,0.0,798.0,0
36.752,670,1,1,0,50.6,23.22,7.12,1,0,1,0.0,798.0,0
36.806,671,1,1,0,50.6,23.2,7.12,2,0,2,0.0,798.0,0
36.86,672,1,1,0,50.6,23.17,7.12,1,0,1,0.0,798.0,0
36.914,673,1,1,0,50.6,23.31,7.12,1,0,1,0.0,798.0,0
36.969,674,1,1,0,50.6,23.27,7.12,2,0,2,0.0,798.0,0
37.023,675,1,1,0,50.6,23.25,7.12,1,0,1,0.0,798.0,0
37.077,676,1,1,0,50.6,23.23,7.12,1,0,1,0.0,798.0,0
37.13,677,1,1,0,50.6,23.23,7.12,2,0,2,0.0,798.0,0
37.184,678,1,1,0,50.6,23.23,7.12,2,0,2,0.0,798.0,0
37.238,679,1,1,0,50.6,23.22,7.12,2,0,2,0.0,798.0,0
37.292,680,1,1,0,50.4,21.56,7.12,0,0,0,0.0,798.0,0
37.344,681,1,1,0,50.4,21.49,7.12,0,0,0,0.0,798.0,0
37.395,682,1,1,0,50.4,21.56,7.12,0,0,0,0.0,798.0,0
37.447,683,1,1,0,50.4,21.47,7.12,0,0,0,0.0,798.0,0
37.499,684,1,1,0,50.4,21.49,7.12,0,0,0,0.0,798.0,0
37.55,685,1,1,0,50.4,21.58,7.12,0,0,0,0.0,798.0,0
37.602,686,1,1,0,50.4,21.47,7.12,0,0,0,0.0,798.0,0
37.653,687,1,1,0,50.4,21.55,7.12,0,0,0,0.0,798.0,0
37.705,688,1,1,0,50.4,21.52,7.12,0,0,0,0.0,798.0,0
37.756,689,1,1,0,50.4,23.23,7.12,2,0,2,0.0,798.0,0
37.81,690,1,1,0,50.4,23.29,7.12,1,0,1,0.0,798.0,0
37.864,691,1,1,0,50.4,21.6,7.12,0,0,0,0.0,798.0,0
37.915,692,1,1,0,50.4,21.45,7.12,0,0,0,0.0,798.0,0
37.967,693,1,1,0,50.4,21.49,7.12,0,0,0,0.0,798.0,0
38.018,694,1,1,0,50.4,21.55,7.12,0,0,0,0.0,798.0,0
38.07,695,1,1,0,50.4,21.52,7.12,0,0,0,0.0,798.0,0
38.121,696,1,1,0,50.4,21.62,7.12,0,0,0,0.0,798.0,0
38.173,697,1,1,0,50.4,21.47,7.12,0,0,0,0.0,798.0,0
38.225,698,1,1,0,50.4,21.45,7.12,0,0,0,0.0,798.0,0
38.276,699,1,1,0,50.4,21.47,7.12,0,0,0,0.0,798.0,0
38.329,700,1,1,0,50.6,21.39,7.12,0,0,0,0.0,798.0,0
38.38,701,1,1,0,50.6,22.0,7.12,0,0,0,0.0,798.0,0
38.434,702,1,1,0,50.6,21.91,7.12,0,0,0,0.0,798.0,0
38.486,703,1,1,0,50.6,21.7,7.12,0,0,0,0.0,798.0,0
38.54,704,1,1,0,50.6,21.49,7.12,0,0,0,0.0,798.0,0
38.592,705,1,1,0,50.6,21.5,7.12,0,0,0,0.0,798.0,0
38.643,706,1,1,0,50.6,21.54,7.12,0,0,0,0.0,798.0,0
38.695,707,1,1,0,50.6,21.6,7.12,0,0,0,0.0,798.0,0
38.747,708,1,1,0,50.6,21.97,7.12,0,0,0,0.0,798.0,0
38.799,709,1,1,0,50.6,21.6,7.12,0,0,0,0.0,798.0,0
38.85,710,1,1,0,50.6,21.67,7.12,0,0,0,0.0,798.0,0
38.902,711,1,1,0,50.6,22.14,7.12,0,0,0,0.0,798.0,0
38.954,712,1,1,0,50.6,21.63,7.12,0,0,0,0.0,798.0,0
39.006,713,1,1,0,50.6,21.53,7.12,0,0,0,0.0,798.0,0
39.057,714,1,1,0,50.6,21.84,7.12,0,0,0,0.0,798.0,0
39.11,715,1,1,0,50.6,21.9,7.12,0,0,0,0.0,798.0,0
39.162,716,1,1,0,50.6,21.63,7.12,0,0,0,0.0,798.0,0
39.213,717,1,1,0,50.6,21.58,7.12,0,0,0,0.0,798.0,0
39.265,718,1,1,0,50.6,21.55,7.12,0,0,0,0.0,798.0,0
39.316,719,1,1,0,50.4,21.49,7.12,0,0,0,0.0,798.0,0
39.368,720,1,1,0,50.4,22.04,7.12,0,0,0,0.0,798.0,0
39.42,721,1,1,0,50.4,21.84,7.12,0,0,0,0.0,798.0,0
39.472,722,1,1,0,50.4,21.53,7.12,0,0,0,0.0,798.0,0
39.524,723,1,1,0,50.4,21.48,7.12,0,0,0,0.0,798.0,0
39.576,724,1,1,0,50.4,21.46,7.12,0,0,0,0.0,798.0,0
39.629,725,1,1,0,50.4,21.44,7.12,0,0,0,0.0,798.0,0
39.681,726,1,1,0,50.4,21.64,7.12,0,0,0,0.0,798.0,0
39.732,727,1,1,0,50.4,21.43,7.12,0,0,0,0.0,798.0,0
39.784,728,1,1,0,50.4,21.51,7.12,0,0,0,0.0,798.0,0
39.836,729,1,1,0,50.4,21.51,7.12,0,0,0,0.0,798.0,0
39.887,730,1,1,0,50.4,21.49,7.12,0,0,0,0.0,798.0,0
39.939,731,1,1,0,50.4,23.32,7.12,1,0,1,0.0,798.0,0
39.993,732,1,1,0,50.4,23.55,7.12,1,0,1,0.0,798.0,0
40.047,733,1,1,0,50.4,23.19,7.12,1,0,1,0.0,798.0,0
40.1,734,1,1,0,50.4,21.48,7.12,0,0,0,0.0,798.0,0
40.152,735,1,1,0,50.4,23.1,7.12,1,0,1,0.0,798.0,0
40.206,736,1,1,0,50.4,23.21,7.12,1,0,1,0.0,798.0,0
40.259,737,1,1,0,50.4,21.45,7.12,0,0,0,0.0,798.0,0
40.311,738,1,1,0,50.7,32.69,7.12,0,0,0,0.0,798.0,0
40.374,739,1,1,0,50.7,21.59,7.12,0,0,0,0.0,798.0,0
40.426,740,1,1,0,50.7,21.65,7.12,0,0,0,0.0,798.0,0
40.478,741,1,1,0,50.7,21.46,7.12,0,0,0,0.0,798.0,0
40.529,742,1,1,0,50.7,21.45,7.12,0,0,0,0.0,798.0,0
40.581,743,1,1,0,50.7,21.53,7.12,0,0,0,0.0,798.0,0
40.632,744,1,1,0,50.7,21.48,7.12,0,0,0,0.0,798.0,0
40.684,745,1,1,0,50.7,21.45,7.12,0,0,0,0.0,798.0,0
40.735,746,1,1,0,50.7,21.43,7.12,0,0,0,0.0,798.0,0
40.787,747,1,1,0,50.7,21.45,7.12,0,0,0,0.0,798.0,0
40.838,748,1,1,0,50.7,22.12,7.12,0,0,0,0.0,798.0,0
40.892,749,1,1,0,50.7,21.37,7.12,0,0,0,0.0,798.0,0
40.944,750,1,1,0,50.7,21.43,7.12,0,0,0,0.0,798.0,0
40.995,751,1,1,0,50.7,21.47,7.12,0,0,0,0.0,798.0,0
41.047,752,1,1,0,50.7,23.19,7.12,1,0,1,0.0,798.0,0
41.1,753,1,1,0,50.7,23.36,7.12,2,0,2,0.0,798.0,0
41.154,754,1,1,0,50.7,23.27,7.12,2,0,2,0.0,798.0,0
41.208,755,1,1,0,50.7,23.23,7.12,4,0,4,0.0,798.0,0
41.262,756,1,1,0,50.7,23.24,7.12,3,0,3,0.0,798.0,0
41.316,757,1,1,0,50.8,23.23,7.12,2,0,2,0.0,798.0,0
41.37,758,1,1,0,50.8,23.78,7.12,3,0,3,0.0,798.0,0
41.425,759,1,1,0,50.8,23.61,7.12,4,0,4,0.0,798.0,0
41.48,760,1,1,0,50.8,23.34,7.12,5,0,5,0.0,798.0,0
41.534,761,1,1,0,50.8,23.53,7.12,6,0,6,0.0,798.0,0
41.589,762,1,1,0,50.8,23.93,7.12,8,0,8,0.0,798.0,0
41.645,763,1,1,0,50.8,23.34,7.12,6,0,6,0.0,798.0,0
41.7,764,1,1,0,50.8,23.29,7.12,8,0,8,0.0,798.0,0
41.755,765,1,1,0,50.8,23.35,7.12,7,0,7,0.0,798.0,0
41.81,766,1,1,0,50.8,23.26,7.12,6,0,6,0.0,798.0,0
41.865,767,1,1,0,50.8,23.37,7.12,7,0,7,0.0,798.0,0
41.92,768,1,1,0,50.8,23.28,7.12,5,0,5,0.0,798.0,0
41.975,769,1,1,0,50.8,23.65,7.12,6,0,6,0.0,798.0,0
42.03,770,1,1,0,50.8,23.43,7.12,6,0,6,0.0,798.0,0
42.085,771,1,1,0,50.8,23.6,7.12,6,0,6,0.0,798.0,0
42.14,772,1,1,0,50.8,23.62,7.12,6,0,6,0.0,798.0,0
42.195,773,1,1,0,50.8,23.41,7.12,5,0,5,0.0,798.0,0
42.25,774,1,1,0,50.8,23.41,7.12,5,0,5,0.0,798.0,0
42.304,775,1,1,0,50.5,23.42,7.12,4,0,4,0.0,798.0,0
42.36,776,1,1,0,50.5,23.41,7.12,4,0,4,0.0,798.0,0
42.415,777,1,1,0,50.5,24.14,7.12,4,0,4,0.0,798.0,0
42.47,778,1,1,0,50.5,23.49,7.12,4,0,4,0.0,798.0,0
42.524,779,1,1,0,50.5,23.46,7.12,4,0,4,0.0,798.0,0
42.579,780,1,1,0,50.5,23.35,7.12,5,0,5,0.0,798.0,0
42.634,781,1,1,0,50.5,23.38,7.12,4,0,4,0.0,798.0,0
42.688,782,1,1,0,50.5,23.36,7.12,5,0,5,0.0,798.0,0
42.743,783,1,1,0,50.5,23.75,7.12,4,0,4,0.0,798.0,0
42.798,784,1,1,0,50.5,23.61,7.12,5,0,5,0.0,798.0,0
42.853,785,1,1,0,50.5,23.43,7.12,4,0,4,0.0,798.0,0
42.907,786,1,1,0,50.5,23.29,7.12,4,0,4,0.0,798.0,0
42.962,787,1,1,0,50.5,23.28,7.12,4,0,4,0.0,798.0,0
43.016,788,1,1,0,50.5,23.34,7.12,5,0,5,0.0,798.0,0
43.071,789,1,1,0,50.5,23.71,7.12,5,0,5,0.0,798.0,0
43.126,790,1,1,0,50.5,23.52,7.12,5,0,5,0.0,798.0,0
43.181,791,1,1,0,50.5,23.51,7.12,4,0,4,0.0,798.0,0
43.236,792,1,1,0,50.5,23.24,7.12,5,0,5,0.0,798.0,0
43.29,793,1,1,0,50.5,23.41,7.12,5,0,5,0.0,798.0,0
43.345,794,1,1,0,50.9,23.2,7.12,2,0,2,0.0,798.0,0
43.399,795,1,1,0,50.9,24.15,7.12,3,0,3,0.0,798.0,0
43.454,796,1,1,0,50.9,23.43,7.12,4,0,4,0.0,798.0,0
43.509,797,1,1,0,50.9,23.64,7.12,6,0,6,0.0,798.0,0
43.564,798,1,1,0,50.9,23.4,7.12,6,0,6,0.0,798.0,0
43.62,799,1,1,0,50.9,23.4,7.12,5,0,5,0.0,798.0,0
43.674,800,1,1,0,50.9,23.39,7.12,5,0,5,0.0,798.0,0
43.729,801,1,1,0,50.9,23.64,7.12,5,0,5,0.0,798.0,0
43.784,802,1,1,0,50.9,23.51,7.12,4,0,4,0.0,798.0,0
43.839,803,1,1,0,50.9,23.35,7.12,9,0,9,0.0,798.0,0
43.894,804,1,1,0,50.9,23.91,7.12,6,0,6,0.0,798.0,0
43.949,805,1,1,0,50.9,23.74,7.12,5,0,5,0.0,798.0,0
44.004,806,1,1,0,50.9,23.54,7.12,2,0,2,0.0,798.0,0
44.058,807,1,1,0,50.9,23.75,7.12,3,0,3,0.0,798.0,0
44.113,808,1,1,0,50.9,23.35,7.12,2,0,2,0.0,798.0,0
44.167,809,1,1,0,50.9,23.37,7.12,2,0,2,0.0,798.0,0
44.221,810,1,1,0,50.9,23.44,7.12,2,0,2,0.0,798.0,0
44.275,811,1,1,0,50.9,23.48,7.12,3,0,3,0.0,798.0,0
44.329,812,1,1,0,50.7,23.4,7.12,3,0,3,0.0,798.0,0
44.384,813,1,1,0,50.7,23.98,7.12,4,0,4,0.0,798.0,0
44.439,814,1,1,0,50.7,23.55,7.12,3,0,3,0.0,798.0,0
44.493,815,1,1,0,50.7,23.78,7.12,4,0,4,0.0,798.0,0
44.548,816,1,1,0,50.7,23.3,7.12,4,0,4,0.0,798.0,0
44.602,817,1,1,0,50.7,23.34,7.12,3,0,3,0.0,798.0,0
44.657,818,1,1,0,50.7,23.36,7.12,3,0,3,0.0,798.0,0
44.711,819,1,1,0,50.7,23.78,7.12,6,0,6,0.0,798.0,0
44.766,820,1,1,0,50.7,23.38,7.12,5,0,5,0.0,798.0,0
44.821,821,1,1,0,50.7,23.36,7.12,4,0,4,0.0,798.0,0
44.875,822,1,1,0,50.7,23.31,7.12,3,0,3,0.0,798.0,0
44.929,823,1,1,0,50.7,23.82,7.12,4,0,4,0.0,798.0,0
44.984,824,1,1,0,50.7,23.4,7.12,5,0,5,0.0,798.0,0
45.041,825,1,1,0,50.7,23.71,7.12,4,0,4,0.0,798.0,0
45.096,826,1,1,0,50.7,23.36,7.12,4,0,4,0.0,798.0,0
45.15,827,1,1,0,50.7,23.42,7.12,3,0,3,0.0,798.0,0
45.204,828,1,1,0,50.7,23.36,7.12,5,0,5,0.0,798.0,0
45.259,829,1,1,0,50.7,23.44,7.12,4,0,4,0.0,798.0,0
45.313,830,1,1,0,50.7,23.39,7.12,3,0,3,0.0,798.0,0
45.368,831,1,1,0,50.7,35.52,7.12,2,0,2,0.0,798.0,0
45.434,832,1,1,0,50.7,23.75,7.12,2,0,2,0.0,798.0,0
45.489,833,1,1,0,50.7,24.18,7.12,4,0,4,0.0,798.0,0
45.544,834,1,1,0,50.7,23.36,7.12,3,0,3,0.0,798.0,0
45.598,835,1,1,0,50.7,23.36,7.12,3,0,3,0.0,798.0,0
45.652,836,1,1,0,50.7,23.42,7.12,2,0,2,0.0,798.0,0
45.706,837,1,1,0,50.7,23.94,7.12,3,0,3,0.0,798.0,0
45.761,838,1,1,0,50.7,23.32,7.12,4,0,4,0.0,798.0,0
45.815,839,1,1,0,50.7,23.37,7.12,4,0,4,0.0,798.0,0
45.87,840,1,1,0,50.7,23.8,7.12,2,0,2,0.0,798.0,0
45.924,841,1,1,0,50.7,23.27,7.12,2,0,2,0.0,798.0,0
45.978,842,1,1,0,50.7,23.31,7.12,2,0,2,0.0,798.0,0
46.032,843,1,1,0,50.7,23.62,7.12,2,0,2,0.0,798.0,0
46.086,844,1,1,0,50.7,23.33,7.12,4,0,4,0.0,798.0,0
46.14,845,1,1,0,50.7,23.42,7.12,4,0,4,0.0,798.0,0
46.195,846,1,1,0,50.7,23.42,7.12,5,0,5,0.0,798.0,0
46.25,847,1,1,0,50.7,23.38,7.12,2,0,2,0.0,798.0,0
46.304,848,1,1,0,51.1,23.4,7.12,2,0,2,0.0,798.0,0
46.358,849,1,1,0,51.1,24.03,7.12,3,0,3,0.0,798.0,0
46.415,850,1,1,0,51.1,23.52,7.12,1,0,1,0.0,798.0,0
46.469,851,1,1,0,51.1,23.45,7.12,1,0,1,0.0,798.0,0
46.523,852,1,1,0,51.1,23.39,7.12,1,0,1,0.0,798.0,0
46.577,853,1,1,0,51.1,23.42,7.12,1,0,1,0.0,798.0,0
46.631,854,1,1,0,51.1,23.37,7.12,2,0,2,0.0,798.0,0
46.685,855,1,1,0,51.1,23.81,7.12,2,0,2,0.0,798.0,0
46.739,856,1,1,0,51.1,23.26,7.12,1,0,1,0.0,798.0,0
46.793,857,1,1,0,51.1,23.31,7.12,1,0,1,0.0,798.0,0
46.847,858,1,1,0,51.1,23.25,7.12,1,0,1,0.0,798.0,0
46.901,859,1,1,0,51.1,23.26,7.12,2,0,2,0.0,798.0,0
46.955,860,1,1,0,51.1,23.26,7.12,1,0,1,0.0,798.0,0
47.008,861,1,1,0,51.1,22.14,7.12,0,0,0,0.0,798.0,0
47.061,862,1,1,0,51.1,21.43,7.12,0,0,0,0.0,798.0,0
47.112,863,1,1,0,51.1,21.54,7.12,0,0,0,0.0,798.0,0
47.164,864,1,1,0,51.1,23.21,7.12,1,0,1,0.0,798.0,0
47.218,865,1,1,0,51.1,21.62,7.12,0,0,0,0.0,798.0,0
47.269,866,1,1,0,51.1,23.38,7.12,2,0,2,0.0,798.0,0
47.324,867,1,1,0,50.8,23.6,7.12,2,0,2,0.0,798.0,0
47.378,868,1,1,0,50.8,23.4,7.12,1,0,1,0.0,798.0,0
47.432,869,1,1,0,50.8,23.78,7.12,1,0,1,0.0,798.0,0
47.486,870,1,1,0,50.8,23.41,7.12,1,0,1,0.0,798.0,0
47.54,871,1,1,0,50.8,23.41,7.12,1,0,1,0.0,798.0,0
47.594,872,1,1,0,50.8,21.55,7.12,0,0,0,0.0,798.0,0
47.646,873,1,1,0,50.8,21.93,7.12,0,0,0,0.0,798.0,0
47.698,874,1,1,0,50.8,23.34,7.12,1,0,1,0.0,798.0,0
47.752,875,1,1,0,50.8,21.69,7.12,0,0,0,0.0,798.0,0
47.805,876,1,1,0,50.8,21.42,7.12,0,0,0,0.0,798.0,0
47.857,877,1,1,0,50.8,23.16,7.12,1,0,1,0.0,798.0,0
47.91,878,1,1,0,50.8,21.51,7.12,0,0,0,0.0,798.0,0
47.962,879,1,1,0,50.8,21.78,7.12,0,0,0,0.0,798.0,0
48.014,880,1,1,0,50.8,21.46,7.12,0,0,0,0.0,798.0,0
48.065,881,1,1,0,50.8,21.42,7.12,0,0,0,0.0,798.0,0
48.117,882,1,1,0,50.8,21.39,7.12,0,0,0,0.0,798.0,0
48.168,883,1,1,0,50.8,23.2,7.12,1,0,1,0.0,798.0,0
48.222,884,1,1,0,50.8,23.21,7.12,1,0,1,0.0,798.0,0
48.275,885,1,1,0,50.8,24.7,7.12,1,0,1,0.0,798.0,0
48.331,886,1,1,0,50.7,21.51,7.12,0,0,0,0.0,798.0,0
48.382,887,1,1,0,50.7,23.45,7.12,1,0,1,0.0,798.0,0
48.436,888,1,1,0,50.7,23.47,7.12,1,0,1,0.0,798.0,0
48.49,889,1,1,0,50.7,21.63,7.12,0,0,0,0.0,798.0,0
48.542,890,1,1,0,50.7,23.41,7.12,2,0,2,0.0,798.0,0
48.596,891,1,1,0,50.7,23.66,7.12,1,0,1,0.0,798.0,0
48.65,892,1,1,0,50.7,21.75,7.12,0,0,0,0.0,798.0,0
48.702,893,1,1,0,50.7,23.33,7.12,1,0,1,0.0,798.0,0
48.756,894,1,1,0,50.7,21.52,7.12,0,0,0,0.0,798.0,0
48.807,895,1,1,0,50.7,23.18,7.12,1,0,1,0.0,798.0,0
48.861,896,1,1,0,50.7,23.17,7.12,1,0,1,0.0,798.0,0
48.915,897,1,1,0,50.7,23.72,7.12,1,0,1,0.0,798.0,0
48.969,898,1,1,0,50.7,23.26,7.12,1,0,1,0.0,798.0,0
49.022,899,1,1,0,50.7,23.2,7.12,1,0,1,0.0,798.0,0
49.076,900,1,1,0,50.7,23.43,7.12,1,0,1,0.0,798.0,0
49.13,901,1,1,0,50.7,23.38,7.12,1,0,1,0.0,798.0,0
49.185,902,1,1,0,50.7,23.25,7.12,1,0,1,0.0,798.0,0
49.239,903,1,1,0,50.7,23.56,7.12,1,0,1,0.0,798.0,0
49.293,904,1,1,0,50.7,23.36,7.12,1,0,1,0.0,798.0,0
49.347,905,1,1,0,50.7,21.53,7.12,0,0,0,0.0,798.0,0
49.399,906,1,1,0,50.7,23.32,7.12,1,0,1,0.0,798.0,0
49.453,907,1,1,0,50.7,21.38,7.12,0,0,0,0.0,798.0,0
49.504,908,1,1,0,50.7,21.52,7.12,0,0,0,0.0,798.0,0
49.555,909,1,1,0,50.7,21.69,7.12,0,0,0,0.0,798.0,0
49.607,910,1,1,0,50.7,21.5,7.12,0,0,0,0.0,798.0,0
49.659,911,1,1,0,50.7,21.49,7.12,0,0,0,0.0,798.0,0
49.71,912,1,1,0,50.7,21.54,7.12,0,0,0,0.0,798.0,0
49.762,913,1,1,0,50.7,21.61,7.12,0,0,0,0.0,798.0,0
49.813,914,1,1,0,50.7,21.46,7.12,0,0,0,0.0,798.0,0
49.865,915,1,1,0,50.7,21.7,7.12,0,0,0,0.0,798.0,0
49.917,916,1,1,0,50.7,21.5,7.12,0,0,0,0.0,798.0,0
49.968,917,1,1,0,50.7,21.48,7.12,0,0,0,0.0,798.0,0
50.02,918,1,1,0,50.7,23.3,7.12,2,0,2,0.0,798.0,0
50.074,919,1,1,0,50.7,23.41,7.12,1,0,1,0.0,798.0,0
50.128,920,1,1,0,50.7,23.22,7.12,2,0,2,0.0,798.0,0
50.182,921,1,1,0,50.7,23.24,7.12,2,0,2,0.0,798.0,0
50.236,922,1,1,0,50.7,23.24,7.12,3,0,3,0.0,798.0,0
50.29,923,1,1,0,50.7,23.3,7.12,3,0,3,0.0,798.0,0
50.344,924,1,1,0,50.8,23.25,7.12,1,0,1,0.0,798.0,0
50.398,925,1,1,0,50.8,38.12,7.12,3,0,3,0.0,798.0,0
50.467,926,1,1,0,50.8,23.34,7.12,1,0,1,0.0,798.0,0
50.521,927,1,1,0,50.8,23.4,7.12,2,0,2,0.0,798.0,0
50.577,928,1,1,0,50.8,23.3,7.12,2,0,2,0.0,798.0,0
50.631,929,1,1,0,50.8,23.22,7.12,1,0,1,0.0,798.0,0
50.685,930,1,1,0,50.8,23.27,7.12,3,0,3,0.0,798.0,0
50.739,931,1,1,0,50.8,23.54,7.12,5,0,5,0.0,798.0,0
50.794,932,1,1,0,50.8,23.41,7.12,2,0,2,0.0,798.0,0
50.848,933,1,1,0,50.8,23.35,7.12,2,0,2,0.0,798.0,0
50.902,934,1,1,0,50.8,23.35,7.12,3,0,3,0.0,798.0,0
50.957,935,1,1,0,50.8,23.39,7.12,3,0,3,0.0,798.0,0
51.011,936,1,1,0,50.8,23.25,7.12,4,0,4,0.0,798.0,0
51.066,937,1,1,0,50.8,23.73,7.12,3,0,3,0.0,798.0,0
51.121,938,1,1,0,50.8,23.42,7.12,5,0,5,0.0,798.0,0
51.176,939,1,1,0,50.8,23.41,7.12,4,0,4,0.0,798.0,0
51.23,940,1,1,0,50.8,23.41,7.12,6,0,6,0.0,798.0,0
51.285,941,1,1,0,50.8,23.41,7.12,8,0,8,0.0,798.0,0
51.341,942,1,1,0,51.0,23.32,7.12,5,0,5,0.0,798.0,0
51.395,943,1,1,0,51.0,23.76,7.12,4,0,4,0.0,798.0,0
51.45,944,1,1,0,51.0,23.35,7.12,6,0,6,0.0,798.0,0
51.505,945,1,1,0,51.0,23.31,7.12,6,0,6,0.0,798.0,0
51.56,946,1,1,0,51.0,23.31,7.12,1,0,1,0.0,798.0,0
51.614,947,1,1,0,51.0,23.38,7.12,6,0,6,0.0,798.0,0
51.669,948,1,1,0,51.0,23.3,7.12,7,0,7,0.0,798.0,0
51.724,949,1,1,0,51.0,23.65,7.12,3,0,3,0.0,798.0,0
51.778,950,1,1,0,51.0,23.33,7.12,3,0,3,0.0,798.0,0
51.833,951,1,1,0,51.0,23.26,7.12,2,0,2,0.0,798.0,0
51.886,952,1,1,0,51.0,21.56,7.12,0,0,0,0.0,798.0,0
51.94,953,1,1,0,51.0,23.21,7.12,1,0,1,0.0,798.0,0
51.994,954,1,1,0,51.0,23.36,7.12,2,0,2,0.0,798.0,0
52.048,955,1,1,0,51.0,23.57,7.12,4,0,4,0.0,798.0,0
52.103,956,1,1,0,51.0,23.27,7.12,5,0,5,0.0,798.0,0
52.157,957,1,1,0,51.0,23.28,7.12,4,0,4,0.0,798.0,0
52.212,958,1,1,0,51.0,23.26,7.12,6,0,6,0.0,798.0,0
52.267,959,1,1,0,51.0,23.37,7.12,3,0,3,0.0,798.0,0
52.321,960,1,1,0,50.8,23.32,7.12,3,0,3,0.0,798.0,0
52.375,961,1,1,0,50.8,23.76,7.12,3,0,3,0.0,798.0,0
52.43,962,1,1,0,50.8,23.52,7.12,3,0,3,0.0,798.0,0
52.484,963,1,1,0,50.8,23.33,7.12,4,0,4,0.0,798.0,0
52.539,964,1,1,0,50.8,23.77,7.12,3,0,3,0.0,798.0,0
52.593,965,1,1,0,50.8,23.28,7.12,2,0,2,0.0,798.0,0
52.647,966,1,1,0,50.8,23.27,7.12,3,0,3,0.0,798.0,0
52.702,967,1,1,0,50.8,23.61,7.12,3,0,3,0.0,798.0,0
52.756,968,1,1,0,50.8,23.44,7.12,4,0,4,0.0,798.0,0
52.811,969,1,1,0,50.8,23.33,7.12,3,0,3,0.0,798.0,0
52.865,970,1,1,0,50.8,23.29,7.12,3,0,3,0.0,798.0,0
52.92,971,1,1,0,50.8,23.29,7.12,3,0,3,0.0,798.0,0
52.974,972,1,1,0,50.8,23.32,7.12,2,0,2,0.0,798.0,0
53.028,973,1,1,0,50.8,23.71,7.12,2,0,2,0.0,798.0,0
53.083,974,1,1,0,50.8,23.29,7.12,4,0,4,0.0,798.0,0
53.137,975,1,1,0,50.8,23.32,7.12,3,0,3,0.0,798.0,0
53.191,976,1,1,0,50.8,23.25,7.12,4,0,4,0.0,798.0,0
53.245,977,1,1,0,50.8,23.32,7.12,3,0,3,0.0,798.0,0
53.302,978,1,1,0,50.8,23.42,7.12,2,0,2,0.0,798.0,0
53.356,979,1,1,0,51.2,23.71,7.12,3,0,3,0.0,798.0,0
53.411,980,1,1,0,51.2,23.38,7.12,1,0,1,0.0,798.0,0
53.465,981,1,1,0,51.2,23.37,7.12,3,0,3,0.0,798.0,0
53.519,982,1,1,0,51.2,23.21,7.12,3,0,3,0.0,798.0,0
53.573,983,1,1,0,51.2,23.25,7.12,2,0,2,0.0,798.0,0
53.627,984,1,1,0,51.2,23.23,7.12,4,0,4,0.0,798.0,0
53.682,985,1,1,0,51.2,23.62,7.12,4,0,4,0.0,798.0,0
53.736,986,1,1,0,51.2,23.09,7.12,3,0,3,0.0,798.0,0
53.79,987,1,1,0,51.2,23.31,7.12,4,0,4,0.0,798.0,0
53.845,988,1,1,0,51.2,23.29,7.12,4,0,4,0.0,798.0,0
53.899,989,1,1,0,51.2,23.37,7.12,4,0,4,0.0,798.0,0
53.954,990,1,1,0,51.2,23.39,7.12,4,0,4,0.0,798.0,0
54.008,991,1,1,0,51.2,23.71,7.12,3,0,3,0.0,798.0,0
54.063,992,1,1,0,51.2,23.2,7.12,4,0,4,0.0,798.0,0
54.117,993,1,1,0,51.2,23.25,7.12,3,0,3,0.0,798.0,0
54.171,994,1,1,0,51.2,23.23,7.12,3,0,3,0.0,798.0,0
54.225,995,1,1,0,51.2,23.58,7.12,3,0,3,0.0,798.0,0
54.28,996,1,1,0,51.2,23.22,7.12,2,0,2,0.0,798.0,0
54.335,997,1,1,0,51.0,23.6,7.12,3,0,3,0.0,798.0,0
54.389,998,1,1,0,51.0,23.39,7.12,2,0,2,0.0,798.0,0
54.443,999,1,1,0,51.0,23.31,7.12,2,0,2,0.0,798.0,0
54.497,1000,1,1,0,51.0,23.34,7.12,1,0,1,0.0,798.0,0
54.551,1001,1,1,0,51.0,21.88,7.12,0,0,0,0.0,798.0,0
54.603,1002,1,1,0,51.0,23.17,7.12,1,0,1,0.0,798.0,0
54.657,1003,1,1,0,51.0,23.65,7.12,1,0,1,0.0,798.0,0
54.713,1004,1,1,0,51.0,23.35,7.12,2,0,2,0.0,798.0,0
54.767,1005,1,1,0,51.0,23.16,7.12,1,0,1,0.0,798.0,0
54.821,1006,1,1,0,51.0,23.26,7.12,5,0,5,0.0,798.0,0
54.875,1007,1,1,0,51.0,23.51,7.12,5,0,5,0.0,798.0,0
54.93,1008,1,1,0,51.0,23.39,7.12,4,0,4,0.0,798.0,0
54.985,1009,1,1,0,51.0,23.61,7.12,5,0,5,0.0,798.0,0
55.04,1010,1,1,0,51.0,23.23,7.12,5,0,5,0.0,798.0,0
55.094,1011,1,1,0,51.0,23.27,7.12,5,0,5,0.0,798.0,0
55.149,1012,1,1,0,51.0,23.27,7.12,6,0,6,0.0,798.0,0
55.204,1013,1,1,0,51.0,23.58,7.12,5,0,5,0.0,798.0,0
55.259,1014,1,1,0,51.0,23.34,7.12,5,0,5,0.0,798.0,0
55.313,1015,1,1,0,50.8,23.75,7.12,3,0,3,0.0,798.0,0
55.368,1016,1,1,0,50.8,23.24,7.12,5,0,5,0.0,798.0,0
55.423,1017,1,1,0,50.8,34.96,7.12,3,0,3,0.0,798.0,0
55.489,1018,1,1,0,50.8,23.58,7.12,5,0,5,0.0,798.0,0
55.544,1019,1,1,0,50.8,23.59,7.12,4,0,4,0.0,798.0,0
55.598,1020,1,1,0,50.8,23.22,7.12,3,0,3,80.0,80.0,1
55.653,1021,1,1,0,50.8,35.87,7.12,2,0,2,0.0,80.0,0
55.719,1022,1,1,0,50.8,23.16,7.12,1,0,1,0.0,80.0,0
55.773,1023,1,1,0,50.8,23.23,7.12,4,0,4,0.0,80.0,0
55.827,1024,1,1,0,50.8,23.29,7.12,3,0,3,0.0,80.0,0
55.882,1025,1,1,0,50.8,23.6,7.12,2,0,2,0.0,80.0,0
55.936,1026,1,1,0,50.8,23.12,7.12,2,0,2,0.0,80.0,0
55.99,1027,1,1,0,50.8,23.55,7.12,2,0,2,0.0,80.0,0
56.044,1028,1,1,0,50.8,23.1,7.12,3,0,3,0.0,80.0,0
56.1,1029,1,1,0,50.8,23.16,7.12,2,0,2,0.0,80.0,0
56.154,1030,1,1,0,50.8,23.25,7.12,3,0,3,0.0,80.0,0
56.208,1031,1,1,0,50.8,23.67,7.12,5,0,5,0.0,80.0,0
56.263,1032,1,1,0,50.8,23.21,7.12,4,0,4,0.0,80.0,0
56.318,1033,1,1,0,51.0,23.61,7.12,3,0,3,0.0,80.0,0
56.372,1034,1,1,0,51.0,23.31,7.12,2,0,2,0.0,80.0,0
56.427,1035,1,1,0,51.0,23.4,7.12,2,0,2,0.0,80.0,0
56.481,1036,1,1,0,51.0,23.19,7.12,1,1,0,3.0,83.0,0
56.534,1037,1,1,0,51.0,23.61,7.12,1,0,1,0.0,83.0,0
56.588,1038,1,1,0,51.0,23.21,7.12,1,0,1,0.0,83.0,0
56.642,1039,1,1,0,51.0,24.43,7.12,1,0,1,0.0,83.0,0
56.697,1040,1,1,0,51.0,23.9,7.12,2,0,2,0.0,83.0,0
56.752,1041,1,1,0,51.0,23.62,7.12,3,0,3,0.0,83.0,0
56.807,1042,1,1,0,51.0,23.34,7.12,3,0,3,0.0,83.0,0
56.861,1043,1,1,0,51.0,23.23,7.12,4,0,4,0.0,83.0,0
56.915,1044,1,1,0,51.0,23.55,7.12,4,0,4,0.0,83.0,0
56.97,1045,1,1,0,51.0,23.36,7.12,3,0,3,0.0,83.0,0
57.024,1046,1,1,0,51.0,23.65,7.12,3,0,3,0.0,83.0,0
57.079,1047,1,1,0,51.0,23.19,7.12,2,0,2,0.0,83.0,0
57.133,1048,1,1,0,51.0,23.21,7.12,2,0,2,0.0,83.0,0
57.186,1049,1,1,0,51.0,23.22,7.12,4,1,3,3.0,86.0,0
57.241,1050,1,1,0,51.0,23.55,7.12,2,0,2,80.0,166.0,1
57.295,1051,1,1,0,51.0,33.35,7.12,2,0,2,0.0,166.0,0
57.36,1052,1,1,0,50.8,24.03,7.12,2,0,2,0.0,166.0,0
57.414,1053,1,1,0,50.8,24.27,7.12,3,0,3,0.0,166.0,0
57.471,1054,1,1,0,50.8,23.37,7.12,1,0,1,0.0,166.0,0
57.525,1055,1,1,0,50.8,23.71,7.12,2,0,2,0.0,166.0,0
57.579,1056,1,1,0,50.8,23.98,7.12,3,0,3,0.0,166.0,0
57.634,1057,1,1,0,50.8,23.44,7.12,1,0,1,0.0,166.0,0
57.688,1058,1,1,0,50.8,23.8,7.12,3,0,3,0.0,166.0,0
57.743,1059,1,1,0,50.8,23.42,7.12,3,0,3,0.0,166.0,0
57.797,1060,1,1,0,50.8,24.02,7.12,4,0,4,0.0,166.0,0
57.852,1061,1,1,0,50.8,24.04,7.12,4,0,4,0.0,166.0,0
57.908,1062,1,1,0,50.8,24.53,7.12,3,0,3,0.0,166.0,0
57.963,1063,1,1,0,50.8,23.76,7.12,3,0,3,0.0,166.0,0
58.018,1064,1,1,0,50.8,23.35,7.12,2,0,2,0.0,166.0,0
58.072,1065,1,1,0,50.8,23.72,7.12,4,0,4,0.0,166.0,0
58.127,1066,1,1,0,50.8,23.87,7.12,4,0,4,0.0,166.0,0
58.188,1067,1,1,0,50.8,23.74,7.12,5,0,5,0.0,166.0,0
58.243,1068,1,1,0,50.8,23.66,7.12,3,0,3,0.0,166.0,0
58.298,1069,1,1,0,50.8,23.68,7.12,3,0,3,0.0,166.0,0
58.353,1070,1,1,0,50.9,25.16,7.12,4,0,4,0.0,166.0,0
58.409,1071,1,1,0,50.9,23.62,7.12,4,0,4,0.0,166.0,0
58.464,1072,1,1,0,50.9,23.77,7.12,3,0,3,0.0,166.0,0
58.523,1073,1,1,0,50.9,23.43,7.12,4,0,4,0.0,166.0,0
58.578,1074,1,1,0,50.9,23.85,7.12,5,0,5,0.0,166.0,0
58.634,1075,1,1,0,50.9,23.38,7.12,4,0,4,0.0,166.0,0
58.688,1076,1,1,0,50.9,23.98,7.12,4,0,4,0.0,166.0,0
58.746,1077,1,1,0,50.9,25.57,7.12,4,0,4,0.0,166.0,0
58.803,1078,1,1,0,50.9,23.7,7.12,2,0,2,0.0,166.0,0
58.861,1079,1,1,0,50.9,23.43,7.12,3,0,3,0.0,166.0,0
58.915,1080,1,1,0,50.9,23.97,7.12,4,0,4,80.0,246.0,1
58.973,1081,1,1,0,50.9,33.91,7.12,5,1,4,3.0,249.0,0
59.039,1082,1,1,0,50.9,25.08,7.12,4,0,4,0.0,249.0,0
59.095,1083,1,1,0,50.9,23.49,7.12,4,1,3,3.0,252.0,0
59.15,1084,1,1,0,50.9,23.73,7.12,4,1,3,3.0,255.0,0
59.207,1085,1,1,0,50.9,23.44,7.12,6,1,5,3.0,258.0,0
59.262,1086,1,1,0,50.9,23.67,7.12,2,0,2,0.0,258.0,0
59.317,1087,1,1,0,51.1,23.35,7.12,4,1,3,3.0,261.0,0
59.371,1088,1,1,0,51.1,24.36,7.12,6,1,5,3.0,264.0,0
59.428,1089,1,1,0,51.1,23.93,7.12,6,1,5,3.0,267.0,0
59.483,1090,1,1,0,51.1,23.7,7.12,5,1,4,3.0,270.0,0
59.538,1091,1,1,0,51.1,23.66,7.12,3,0,3,0.0,270.0,0
59.593,1092,1,1,0,51.1,23.36,7.12,7,0,7,0.0,270.0,0
59.648,1093,1,1,0,51.1,23.64,7.12,7,0,7,0.0,270.0,0
59.703,1094,1,1,0,51.1,23.31,7.12,8,0,8,0.0,270.0,0
59.758,1095,1,1,0,51.1,23.3,7.12,8,0,8,0.0,270.0,0
59.813,1096,1,1,0,51.1,23.42,7.12,9,0,9,0.0,270.0,0
59.869,1097,1,1,0,51.1,23.54,7.12,6,0,6,0.0,270.0,0
59.924,1098,1,1,0,51.1,23.33,7.12,6,0,6,0.0,270.0,0
59.978,1099,1,1,0,51.1,23.3,7.12,9,0,9,0.0,270.0,0
60.034,1100,1,1,0,51.1,23.36,7.12,6,0,6,0.0,270.0,0
60.088,1101,1,1,0,51.1,23.29,7.12,6,0,6,0.0,270.0,0
60.143,1102,1,1,0,51.1,23.36,7.12,7,0,7,0.0,270.0,0
60.198,1103,1,1,0,51.1,23.59,7.12,9,0,9,0.0,270.0,0
60.256,1104,1,1,0,51.1,23.22,7.12,4,0,4,0.0,270.0,0
60.31,1105,1,1,0,51.1,23.34,7.12,5,0,5,0.0,270.0,0
60.365,1106,1,1,0,51.0,23.53,7.12,4,0,4,0.0,270.0,0
60.419,1107,1,1,0,51.0,23.51,7.12,4,0,4,0.0,270.0,0
60.474,1108,1,1,0,51.0,35.08,7.12,4,0,4,0.0,270.0,0
60.54,1109,1,1,0,51.0,23.71,7.12,3,0,3,0.0,270.0,0
60.594,1110,1,1,0,51.0,23.27,7.12,2,0,2,80.0,350.0,1
60.648,1111,1,1,0,51.0,29.17,7.12,2,0,2,0.0,350.0,0
60.708,1112,1,1,0,51.0,23.71,7.12,2,0,2,0.0,350.0,0
60.763,1113,1,1,0,51.0,23.18,7.12,2,0,2,0.0,350.0,0
60.816,1114,1,1,0,51.0,23.45,7.12,3,0,3,0.0,350.0,0
60.871,1115,1,1,0,51.0,23.49,7.12,2,0,2,0.0,350.0,0
60.925,1116,1,1,0,51.0,23.17,7.12,1,0,1,0.0,350.0,0
60.978,1117,1,1,0,51.0,23.21,7.12,1,0,1,0.0,350.0,0
61.032,1118,1,1,0,51.0,23.15,7.12,1,0,1,0.0,350.0,0
61.086,1119,1,1,0,51.0,21.53,7.12,0,0,0,0.0,350.0,0
61.137,1120,1,1,0,51.0,21.41,7.12,0,0,0,0.0,350.0,0
61.189,1121,1,1,0,51.0,21.68,7.12,0,0,0,0.0,350.0,0
61.24,1122,1,1,0,51.0,23.22,7.12,1,0,1,0.0,350.0,0
61.294,1123,1,1,0,51.0,23.2,7.12,1,0,1,0.0,350.0,0
61.348,1124,1,1,0,51.2,21.61,7.12,0,0,0,0.0,350.0,0
61.399,1125,1,1,0,51.2,21.62,7.12,0,0,0,0.0,350.0,0
61.451,1126,1,1,0,51.2,21.54,7.12,0,0,0,0.0,350.0,0
61.503,1127,1,1,0,51.2,23.63,7.12,2,0,2,0.0,350.0,0
61.557,1128,1,1,0,51.2,23.23,7.12,2,0,2,0.0,350.0,0
61.611,1129,1,1,0,51.2,23.34,7.12,2,0,2,0.0,350.0,0
61.665,1130,1,1,0,51.2,23.41,7.12,2,0,2,0.0,350.0,0
61.72,1131,1,1,0,51.2,23.15,7.12,1,0,1,0.0,350.0,0
61.774,1132,1,1,0,51.2,23.32,7.12,3,0,3,0.0,350.0,0
61.828,1133,1,1,0,51.2,23.57,7.12,4,0,4,0.0,350.0,0
61.883,1134,1,1,0,51.2,23.15,7.12,4,0,4,0.0,350.0,0
61.937,1135,1,1,0,51.2,23.25,7.12,3,0,3,0.0,350.0,0
61.991,1136,1,1,0,51.2,23.19,7.12,3,0,3,0.0,350.0,0
62.045,1137,1,1,0,51.2,23.32,7.12,4,0,4,0.0,350.0,0
62.099,1138,1,1,0,51.2,23.19,7.12,3,0,3,0.0,350.0,0
62.154,1139,1,1,0,51.2,23.58,7.12,3,0,3,0.0,350.0,0
62.208,1140,1,1,0,51.2,23.19,7.12,3,0,3,80.0,430.0,1
62.262,1141,1,1,0,51.2,34.43,7.12,3,0,3,0.0,430.0,0
62.328,1142,1,1,0,51.4,23.25,7.12,3,0,3,0.0,430.0,0
62.382,1143,1,1,0,51.4,23.29,7.12,3,0,3,0.0,430.0,0
62.436,1144,1,1,0,51.4,23.53,7.12,3,0,3,0.0,430.0,0
62.491,1145,1,1,0,51.4,23.54,7.12,1,0,1,0.0,430.0,0
62.545,1146,1,1,0,51.4,23.23,7.12,1,0,1,0.0,430.0,0
62.599,1147,1,1,0,51.4,23.27,7.12,2,0,2,0.0,430.0,0
62.652,1148,1,1,0,51.4,23.2,7.12,3,0,3,0.0,430.0,0
62.707,1149,1,1,0,51.4,23.23,7.12,3,0,3,0.0,430.0,0
62.761,1150,1,1,0,51.4,23.21,7.12,3,0,3,0.0,430.0,0
62.815,1151,1,1,0,51.4,23.57,7.12,2,0,2,0.0,430.0,0
62.869,1152,1,1,0,51.4,23.37,7.12,2,0,2,0.0,430.0,0
62.923,1153,1,1,0,51.4,23.24,7.12,2,0,2,0.0,430.0,0
62.977,1154,1,1,0,51.4,23.38,7.12,2,0,2,0.0,430.0,0
63.031,1155,1,1,0,51.4,23.15,7.12,2,0,2,0.0,430.0,0
63.086,1156,1,1,0,51.4,23.23,7.12,2,0,2,0.0,430.0,0
63.14,1157,1,1,0,51.4,23.59,7.12,2,0,2,0.0,430.0,0
63.195,1158,1,1,0,51.4,23.22,7.12,2,0,2,0.0,430.0,0
63.248,1159,1,1,0,51.4,23.21,7.12,2,0,2,0.0,430.0,0
63.302,1160,1,1,0,51.4,23.23,7.12,3,0,3,0.0,430.0,0
63.357,1161,1,1,0,51.1,23.17,7.12,2,0,2,0.0,430.0,0
63.41,1162,1,1,0,51.1,23.34,7.12,2,0,2,0.0,430.0,0
63.465,1163,1,1,0,51.1,23.59,7.12,1,0,1,0.0,430.0,0
63.519,1164,1,1,0,51.1,23.22,7.12,2,0,2,0.0,430.0,0
63.573,1165,1,1,0,51.1,23.45,7.12,5,0,5,0.0,430.0,0
63.627,1166,1,1,0,51.1,23.24,7.12,3,0,3,0.0,430.0,0
63.681,1167,1,1,0,51.1,23.24,7.12,4,0,4,0.0,430.0,0
63.736,1168,1,1,0,51.1,23.24,7.12,3,0,3,0.0,430.0,0
63.79,1169,1,1,0,51.1,23.61,7.12,5,0,5,0.0,430.0,0
63.845,1170,1,1,0,51.1,23.35,7.12,2,0,2,80.0,510.0,1
63.899,1171,1,1,0,51.1,35.11,7.12,2,0,2,0.0,510.0,0
63.965,1172,1,1,0,51.1,23.45,7.12,4,0,4,0.0,510.0,0
64.019,1173,1,1,0,51.1,23.3,7.12,3,0,3,0.0,510.0,0
64.074,1174,1,1,0,51.1,23.33,7.12,4,0,4,0.0,510.0,0
64.128,1175,1,1,0,51.1,23.51,7.12,2,0,2,0.0,510.0,0
64.182,1176,1,1,0,51.1,23.14,7.12,3,0,3,0.0,510.0,0
64.236,1177,1,1,0,51.1,23.25,7.12,6,0,6,0.0,510.0,0
64.291,1178,1,1,0,51.1,23.33,7.12,2,0,2,0.0,510.0,0
64.346,1179,1,1,0,51.0,23.28,7.12,1,0,1,0.0,510.0,0
64.401,1180,1,1,0,51.0,23.38,7.12,1,0,1,0.0,510.0,0
64.455,1181,1,1,0,51.0,23.52,7.12,1,0,1,0.0,510.0,0
64.509,1182,1,1,0,51.0,23.22,7.12,4,0,4,0.0,510.0,0
64.563,1183,1,1,0,51.0,23.26,7.12,2,0,2,0.0,510.0,0
64.617,1184,1,1,0,51.0,23.3,7.12,1,0,1,0.0,510.0,0
64.671,1185,1,1,0,51.0,23.18,7.12,2,0,2,0.0,510.0,0
64.725,1186,1,1,0,51.0,23.16,7.12,2,0,2,0.0,510.0,0
64.778,1187,1,1,0,51.0,23.49,7.12,2,0,2,0.0,510.0,0
64.833,1188,1,1,0,51.0,23.18,7.12,3,0,3,0.0,510.0,0
64.887,1189,1,1,0,51.0,23.23,7.12,2,0,2,0.0,510.0,0
64.941,1190,1,1,0,51.0,23.3,7.12,1,0,1,0.0,510.0,0
64.994,1191,1,1,0,51.0,23.25,7.12,1,0,1,0.0,510.0,0
65.048,1192,1,1,0,51.0,23.11,7.12,2,0,2,0.0,510.0,0
65.102,1193,1,1,0,51.0,23.67,7.12,1,0,1,0.0,510.0,0
65.156,1194,1,1,0,51.0,23.21,7.12,1,0,1,0.0,510.0,0
65.21,1195,1,1,0,51.0,23.29,7.12,2,0,2,0.0,510.0,0
65.264,1196,1,1,0,51.0,23.19,7.12,2,0,2,0.0,510.0,0
65.318,1197,1,1,0,51.3,23.37,7.12,2,0,2,0.0,510.0,0
65.372,1198,1,1,0,51.3,23.29,7.12,1,0,1,0.0,510.0,0
65.426,1199,1,1,0,51.3,23.77,7.12,1,0,1,0.0,510.0,0
65.48,1200,1,1,0,51.3,34.39,7.12,3,0,3,80.0,590.0,1
65.545,1201,1,1,0,51.3,35.1,7.12,3,0,3,0.0,590.0,0
65.611,1202,1,1,0,51.3,23.24,7.12,2,0,2,0.0,590.0,0
65.665,1203,1,1,0,51.3,23.31,7.12,2,0,2,0.0,590.0,0
65.719,1204,1,1,0,51.3,21.44,7.12,0,0,0,0.0,590.0,0
65.771,1205,1,1,0,51.3,23.39,7.12,1,0,1,0.0,590.0,0
65.826,1206,1,1,0,51.3,23.15,7.12,4,0,4,0.0,590.0,0
65.88,1207,1,1,0,51.3,23.38,7.12,3,0,3,0.0,590.0,0
65.935,1208,1,1,0,51.3,21.63,7.12,0,0,0,0.0,590.0,0
65.986,1209,1,1,0,51.3,21.67,7.12,0,0,0,0.0,590.0,0
66.038,1210,1,1,0,51.3,21.44,7.12,0,0,0,0.0,590.0,0
66.089,1211,1,1,0,51.3,23.52,7.12,3,0,3,0.0,590.0,0
66.144,1212,1,1,0,51.3,23.21,7.12,3,0,3,0.0,590.0,0
66.198,1213,1,1,0,51.3,23.23,7.12,3,0,3,0.0,590.0,0
66.252,1214,1,1,0,51.3,23.18,7.12,1,0,1,0.0,590.0,0
66.305,1215,1,1,0,51.3,23.45,7.12,1,0,1,0.0,590.0,0
66.359,1216,1,1,0,51.3,23.23,7.12,3,0,3,0.0,590.0,0
66.414,1217,1,1,0,51.3,23.78,7.12,3,0,3,0.0,590.0,0
66.468,1218,1,1,0,51.3,23.22,7.12,3,0,3,0.0,590.0,0
66.522,1219,1,1,0,51.3,23.21,7.12,2,0,2,0.0,590.0,0
66.576,1220,1,1,0,51.3,23.23,7.12,1,0,1,0.0,590.0,0
66.63,1221,1,1,0,51.3,23.34,7.12,2,0,2,0.0,590.0,0
66.684,1222,1,1,0,51.3,23.2,7.12,1,0,1,0.0,590.0,0
66.738,1223,1,1,0,51.3,23.59,7.12,1,0,1,0.0,590.0,0
66.792,1224,1,1,0,51.3,21.59,7.12,0,0,0,0.0,590.0,0
66.843,1225,1,1,0,51.3,23.17,7.12,1,0,1,0.0,590.0,0
66.897,1226,1,1,0,51.3,23.32,7.12,1,0,1,0.0,590.0,0
66.951,1227,1,1,0,51.3,23.24,7.12,2,0,2,0.0,590.0,0
67.005,1228,1,1,0,51.3,23.31,7.12,1,0,1,0.0,590.0,0
67.058,1229,1,1,0,51.3,23.5,7.12,1,0,1,0.0,590.0,0
67.112,1230,1,1,0,51.3,23.25,7.12,1,0,1,80.0,670.0,1
67.166,1231,1,1,0,51.3,34.28,7.12,1,0,1,0.0,670.0,0
67.231,1232,1,1,0,51.3,23.18,7.12,1,0,1,0.0,670.0,0
67.286,1233,1,1,0,51.3,23.23,7.12,1,0,1,0.0,670.0,0
67.34,1234,1,1,0,51.1,23.12,7.12,1,0,1,0.0,670.0,0
67.394,1235,1,1,0,51.1,23.74,7.12,1,0,1,0.0,670.0,0
67.449,1236,1,1,0,51.1,23.29,7.12,1,0,1,0.0,670.0,0
67.502,1237,1,1,0,51.1,23.36,7.12,1,0,1,0.0,670.0,0
67.556,1238,1,1,0,51.1,23.32,7.12,1,0,1,0.0,670.0,0
67.61,1239,1,1,0,51.1,23.24,7.12,1,0,1,0.0,670.0,0
67.663,1240,1,1,0,51.1,23.25,7.12,1,0,1,0.0,670.0,0
67.717,1241,1,1,0,51.1,23.45,7.12,1,0,1,0.0,670.0,0
67.771,1242,1,1,0,51.1,23.27,7.12,1,0,1,0.0,670.0,0
67.825,1243,1,1,0,51.1,23.19,7.12,1,0,1,0.0,670.0,0
67.879,1244,1,1,0,51.1,21.56,7.12,0,0,0,0.0,670.0,0
67.93,1245,1,1,0,51.1,23.17,7.12,1,0,1,0.0,670.0,0
67.984,1246,1,1,0,51.1,23.12,7.12,1,0,1,0.0,670.0,0
68.038,1247,1,1,0,51.1,23.39,7.12,2,0,2,0.0,670.0,0
68.092,1248,1,1,0,51.1,23.21,7.12,1,0,1,0.0,670.0,0
68.146,1249,1,1,0,51.1,23.28,7.12,2,0,2,0.0,670.0,0
68.2,1250,1,1,0,51.1,23.21,7.12,1,0,1,0.0,670.0,0
68.254,1251,1,1,0,51.1,23.34,7.12,3,0,3,0.0,670.0,0
68.308,1252,1,1,0,51.1,23.22,7.12,1,0,1,0.0,670.0,0
68.362,1253,1,1,0,51.3,23.57,7.12,3,0,3,0.0,670.0,0
68.416,1254,1,1,0,51.3,23.5,7.12,3,0,3,0.0,670.0,0
68.471,1255,1,1,0,51.3,23.29,7.12,1,0,1,0.0,670.0,0
68.524,1256,1,1,0,51.3,21.45,7.12,0,0,0,0.0,670.0,0
68.577,1257,1,1,0,51.3,21.53,7.12,0,0,0,0.0,670.0,0
68.629,1258,1,1,0,51.3,21.48,7.12,0,0,0,0.0,670.0,0
68.681,1259,1,1,0,51.3,21.65,7.12,0,0,0,0.0,670.0,0
68.732,1260,1,1,0,51.3,23.13,7.12,1,0,1,80.0,750.0,1
68.786,1261,1,1,0,51.3,28.78,7.12,0,0,0,0.0,750.0,0
68.845,1262,1,1,0,51.3,21.47,7.12,0,0,0,0.0,750.0,0
68.897,1263,1,1,0,51.3,21.75,7.12,0,0,0,0.0,750.0,0
68.948,1264,1,1,0,51.3,21.56,7.12,0,0,0,0.0,750.0,0
69.0,1265,1,1,0,51.3,21.7,7.12,0,0,0,0.0,750.0,0
69.052,1266,1,1,0,51.3,23.13,7.12,2,0,2,0.0,750.0,0
69.106,1267,1,1,0,51.3,21.45,7.12,0,0,0,0.0,750.0,0
69.157,1268,1,1,0,51.3,21.44,7.12,0,0,0,0.0,750.0,0
69.209,1269,1,1,0,51.3,21.45,7.12,0,0,0,0.0,750.0,0
69.26,1270,1,1,0,51.3,21.43,7.12,0,0,0,0.0,750.0,0
69.312,1271,1,1,0,51.3,21.71,7.12,0,0,0,0.0,750.0,0
69.363,1272,1,1,0,51.2,21.5,7.12,0,0,0,0.0,750.0,0
69.415,1273,1,1,0,51.2,21.58,7.12,0,0,0,0.0,750.0,0
69.466,1274,1,1,0,51.2,23.19,7.12,1,0,1,0.0,750.0,0
69.52,1275,1,1,0,51.2,21.46,7.12,0,0,0,0.0,750.0,0
69.572,1276,1,1,0,51.2,21.54,7.12,0,0,0,0.0,750.0,0
69.623,1277,1,1,0,51.2,21.77,7.12,0,0,0,0.0,750.0,0
69.675,1278,1,1,0,51.2,23.83,7.12,1,0,1,0.0,750.0,0
69.73,1279,1,1,0,51.2,23.31,7.12,1,0,1,0.0,750.0,0
69.783,1280,1,1,0,51.2,23.19,7.12,1,0,1,0.0,750.0,0
69.837,1281,1,1,0,51.2,23.44,7.12,2,0,2,0.0,750.0,0
69.891,1282,1,1,0,51.2,23.26,7.12,1,0,1,0.0,750.0,0
69.945,1283,1,1,0,51.2,23.7,7.12,2,0,2,0.0,750.0,0
70.0,1284,1,1,0,51.2,23.15,7.12,1,0,1,0.0,750.0,0
70.053,1285,1,1,0,51.2,23.38,7.12,1,0,1,0.0,750.0,0
70.107,1286,1,1,0,51.2,23.24,7.12,2,0,2,0.0,750.0,0
70.161,1287,1,1,0,51.2,23.37,7.12,2,0,2,0.0,750.0,0
70.215,1288,1,1,0,51.2,23.54,7.12,1,0,1,0.0,750.0,0
70.269,1289,1,1,0,51.2,24.28,7.12,1,0,1,0.0,750.0,0
70.324,1290,1,1,0,51.2,23.15,7.12,1,0,1,0.0,750.0,0
70.378,1291,1,1,0,51.2,23.31,7.12,2,0,2,0.0,750.0,0
70.432,1292,1,1,0,51.2,21.61,7.12,0,0,0,0.0,750.0,0
70.484,1293,1,1,0,51.2,34.04,7.12,2,0,2,0.0,750.0,0
70.548,1294,1,1,0,51.2,23.29,7.12,1,0,1,0.0,750.0,0
70.602,1295,1,1,0,51.2,21.82,7.12,0,0,0,0.0,750.0,0
70.654,1296,1,1,0,51.2,21.48,7.12,0,0,0,0.0,750.0,0
70.706,1297,1,1,0,51.2,23.28,7.12,2,0,2,0.0,750.0,0
70.759,1298,1,1,0,51.2,23.12,7.12,1,0,1,0.0,750.0,0
70.813,1299,1,1,0,51.2,23.22,7.12,2,0,2,0.0,750.0,0
70.867,1300,1,1,0,51.2,23.26,7.12,2,0,2,0.0,750.0,0
70.921,1301,1,1,0,51.2,23.59,7.12,2,0,2,0.0,750.0,0
70.975,1302,1,1,0,51.2,23.21,7.12,2,0,2,0.0,750.0,0
71.029,1303,1,1,0,51.2,23.28,7.12,2,0,2,0.0,750.0,0
71.083,1304,1,1,0,51.2,23.42,7.12,3,0,3,0.0,750.0,0
71.137,1305,1,1,0,51.2,23.33,7.12,2,0,2,0.0,750.0,0
71.191,1306,1,1,0,51.2,23.25,7.12,1,0,1,0.0,750.0,0
71.245,1307,1,1,0,51.2,23.58,7.12,2,0,2,0.0,750.0,0
71.299,1308,1,1,0,51.2,24.52,7.12,1,0,1,0.0,750.0,0
71.354,1309,1,1,0,51.6,23.23,7.12,2,0,2,0.0,750.0,0
71.408,1310,1,1,0,51.6,23.18,7.12,2,0,2,0.0,750.0,0
71.462,1311,1,1,0,51.6,23.05,7.12,1,0,1,0.0,750.0,0
71.515,1312,1,1,0,51.6,21.43,7.12,0,0,0,0.0,750.0,0
71.566,1313,1,1,0,51.6,23.17,7.12,1,0,1,0.0,750.0,0
71.62,1314,1,1,0,51.6,22.95,7.12,3,0,3,0.0,750.0,0
71.72,1315,1,1,0,51.6,24.13,7.12,4,0,4,0.0,750.0,0
71.776,1316,1,1,0,51.6,23.32,7.12,2,0,2,0.0,750.0,0
71.83,1317,1,1,0,51.6,23.28,7.12,2,0,2,0.0,750.0,0
71.884,1318,1,1,0,51.6,23.24,7.12,2,0,2,0.0,750.0,0
71.938,1319,1,1,0,51.6,23.55,7.12,3,0,3,0.0,750.0,0
71.993,1320,1,1,0,51.6,23.37,7.12,1,0,1,0.0,750.0,0
72.047,1321,1,1,0,51.6,23.24,7.12,3,0,3,0.0,750.0,0
72.101,1322,1,1,0,51.6,23.33,7.12,3,0,3,0.0,750.0,0
72.156,1323,1,1,0,51.6,23.22,7.12,3,0,3,0.0,750.0,0
72.21,1324,1,1,0,51.6,23.29,7.12,3,0,3,0.0,750.0,0
72.264,1325,1,1,0,51.6,23.63,7.12,3,0,3,0.0,750.0,0
72.318,1326,1,1,0,51.6,23.5,7.12,2,0,2,0.0,750.0,0
72.373,1327,1,1,0,51.2,23.24,7.12,2,0,2,0.0,750.0,0
72.427,1328,1,1,0,51.2,23.84,7.12,2,0,2,0.0,750.0,0
72.481,1329,1,1,0,51.2,23.23,7.12,1,0,1,0.0,750.0,0
72.535,1330,1,1,0,51.2,23.28,7.12,3,0,3,0.0,750.0,0
72.589,1331,1,1,0,51.2,23.54,7.12,1,0,1,0.0,750.0,0
72.644,1332,1,1,0,51.2,23.08,7.12,1,0,1,0.0,750.0,0
72.697,1333,1,1,0,51.2,23.16,7.12,3,0,3,0.0,750.0,0
72.751,1334,1,1,0,51.2,23.52,7.12,3,0,3,0.0,750.0,0
72.806,1335,1,1,0,51.2,23.19,7.12,2,0,2,0.0,750.0,0
72.86,1336,1,1,0,51.2,23.21,7.12,3,0,3,0.0,750.0,0
72.914,1337,1,1,0,51.2,23.53,7.12,1,0,1,0.0,750.0,0
72.968,1338,1,1,0,51.2,23.17,7.12,1,0,1,0.0,750.0,0
73.022,1339,1,1,0,51.2,23.22,7.12,1,0,1,0.0,750.0,0
73.076,1340,1,1,0,51.2,23.38,7.12,2,0,2,0.0,750.0,0
73.13,1341,1,1,0,51.2,23.25,7.12,1,0,1,0.0,750.0,0
73.185,1342,1,1,0,51.2,23.37,7.12,1,0,1,0.0,750.0,0
73.239,1343,1,1,0,51.2,23.56,7.12,1,0,1,0.0,750.0,0
73.293,1344,1,1,0,51.2,23.24,7.12,2,0,2,0.0,750.0,0
73.347,1345,1,1,0,51.2,23.25,7.12,3,0,3,0.0,750.0,0
73.401,1346,1,1,0,51.2,23.72,7.12,3,0,3,0.0,750.0,0
73.456,1347,1,1,0,51.2,23.23,7.12,4,0,4,0.0,750.0,0
73.51,1348,1,1,0,51.2,23.3,7.12,1,0,1,0.0,750.0,0
73.564,1349,1,1,0,51.2,23.93,7.12,2,0,2,0.0,750.0,0
73.619,1350,1,1,0,51.2,23.19,7.12,2,0,2,0.0,750.0,0
73.673,1351,1,1,0,51.2,23.34,7.12,1,0,1,0.0,750.0,0
73.727,1352,1,1,0,51.2,23.48,7.12,1,0,1,0.0,750.0,0
73.78,1353,1,1,0,51.2,23.33,7.12,2,0,2,0.0,750.0,0
73.834,1354,1,1,0,51.2,23.36,7.12,1,0,1,0.0,750.0,0
73.888,1355,1,1,0,51.2,21.93,7.12,0,0,0,0.0,750.0,0
73.941,1356,1,1,0,51.2,23.35,7.12,1,0,1,0.0,750.0,0
73.994,1357,1,1,0,51.2,25.32,7.12,1,0,1,0.0,750.0,0
74.05,1358,1,1,0,51.2,23.62,7.12,1,0,1,0.0,750.0,0
74.104,1359,1,1,0,51.2,23.42,7.12,1,0,1,0.0,750.0,0
74.158,1360,1,1,0,51.2,23.34,7.12,1,0,1,0.0,750.0,0
74.212,1361,1,1,0,51.2,23.61,7.12,1,0,1,0.0,750.0,0
74.266,1362,1,1,0,51.2,23.26,7.12,1,0,1,0.0,750.0,0
74.32,1363,1,1,0,51.2,23.24,7.12,1,0,1,0.0,750.0,0
74.374,1364,1,1,0,51.2,23.61,7.12,1,0,1,0.0,750.0,0
74.428,1365,1,1,0,51.2,23.26,7.12,1,0,1,0.0,750.0,0
74.482,1366,1,1,0,51.2,23.24,7.12,1,0,1,0.0,750.0,0
74.535,1367,1,1,0,51.2,23.51,7.12,1,0,1,0.0,750.0,0
74.59,1368,1,1,0,51.2,23.18,7.12,2,0,2,0.0,750.0,0
74.643,1369,1,1,0,51.2,23.07,7.12,1,0,1,0.0,750.0,0
74.697,1370,1,1,0,51.2,23.37,7.12,2,0,2,0.0,750.0,0
74.751,1371,1,1,0,51.2,23.12,7.12,1,0,1,0.0,750.0,0
74.805,1372,1,1,0,51.2,23.18,7.12,1,0,1,0.0,750.0,0
74.858,1373,1,1,0,51.2,23.48,7.12,1,0,1,0.0,750.0,0
74.912,1374,1,1,0,51.2,23.18,7.12,1,0,1,0.0,750.0,0
74.966,1375,1,1,0,51.2,23.54,7.12,1,0,1,0.0,750.0,0
75.02,1376,1,1,0,51.2,23.47,7.12,1,0,1,0.0,750.0,0
75.074,1377,1,1,0,51.2,23.28,7.12,1,0,1,0.0,750.0,0
75.128,1378,1,1,0,51.2,21.76,7.12,0,0,0,0.0,750.0,0
75.18,1379,1,1,0,51.2,22.16,7.12,0,0,0,0.0,750.0,0
75.232,1380,1,1,0,51.2,21.64,7.12,0,0,0,0.0,750.0,0
75.284,1381,1,1,0,51.2,21.53,7.12,0,0,0,0.0,750.0,0
75.337,1382,1,1,0,51.2,23.9,7.12,1,0,1,0.0,750.0,0
75.392,1383,1,1,0,51.2,22.2,7.12,0,0,0,0.0,750.0,0
75.445,1384,1,1,0,51.2,22.63,7.12,0,0,0,0.0,750.0,0
75.498,1385,1,1,0,51.2,33.66,7.12,0,0,0,0.0,750.0,0
75.562,1386,1,1,0,51.2,24.19,7.12,1,0,1,0.0,750.0,0
75.617,1387,1,1,0,51.2,22.28,7.12,0,0,0,0.0,750.0,0
75.67,1388,1,1,0,51.2,23.74,7.12,3,0,3,0.0,750.0,0
75.724,1389,1,1,0,51.2,23.33,7.12,2,0,2,0.0,750.0,0
75.778,1390,1,1,0,51.2,21.54,7.12,0,0,0,0.0,750.0,0
75.83,1391,1,1,0,51.2,22.02,7.12,0,0,0,0.0,750.0,0
75.882,1392,1,1,0,51.2,23.3,7.12,3,0,3,0.0,750.0,0
75.936,1393,1,1,0,51.2,23.21,7.12,3,0,3,0.0,750.0,0
75.99,1394,1,1,0,51.2,23.58,7.12,1,0,1,0.0,750.0,0
76.045,1395,1,1,0,51.2,23.34,7.12,2,0,2,0.0,750.0,0
76.099,1396,1,1,0,51.2,23.2,7.12,2,0,2,0.0,750.0,0
76.153,1397,1,1,0,51.2,23.49,7.12,1,0,1,0.0,750.0,0
76.206,1398,1,1,0,51.2,23.14,7.12,1,0,1,0.0,750.0,0
76.26,1399,1,1,0,51.2,23.19,7.12,2,0,2,0.0,750.0,0
76.314,1400,1,1,0,51.2,23.52,7.12,3,0,3,0.0,750.0,0
76.368,1401,1,1,0,51.3,23.26,7.12,3,0,3,0.0,750.0,0
76.423,1402,1,1,0,51.3,23.4,7.12,3,0,3,0.0,750.0,0
76.477,1403,1,1,0,51.3,23.61,7.12,3,0,3,0.0,750.0,0
76.532,1404,1,1,0,51.3,23.22,7.12,3,0,3,0.0,750.0,0
76.586,1405,1,1,0,51.3,23.42,7.12,4,0,4,0.0,750.0,0
76.64,1406,1,1,0,51.3,23.51,7.12,2,0,2,0.0,750.0,0
76.694,1407,1,1,0,51.3,23.19,7.12,3,0,3,0.0,750.0,0
76.748,1408,1,1,0,51.3,23.19,7.12,4,0,4,0.0,750.0,0
76.803,1409,1,1,0,51.3,23.57,7.12,3,0,3,0.0,750.0,0
76.857,1410,1,1,0,51.3,23.38,7.12,4,0,4,0.0,750.0,0
76.912,1411,1,1,0,51.3,23.23,7.12,4,0,4,0.0,750.0,0
76.966,1412,1,1,0,51.3,23.61,7.12,3,0,3,0.0,750.0,0
77.021,1413,1,1,0,51.3,23.16,7.12,3,0,3,0.0,750.0,0
77.074,1414,1,1,0,51.3,23.31,7.12,4,0,4,0.0,750.0,0
77.129,1415,1,1,0,51.3,23.61,7.12,4,0,4,0.0,750.0,0
77.184,1416,1,1,0,51.3,23.35,7.12,3,0,3,0.0,750.0,0
77.238,1417,1,1,0,51.3,23.26,7.12,5,0,5,0.0,750.0,0
77.293,1418,1,1,0,51.3,23.58,7.12,4,0,4,0.0,750.0,0
77.347,1419,1,1,0,51.6,23.21,7.12,4,0,4,0.0,750.0,0
77.402,1420,1,1,0,51.6,23.55,7.12,4,0,4,0.0,750.0,0
77.457,1421,1,1,0,51.6,23.59,7.12,4,0,4,0.0,750.0,0
77.511,1422,1,1,0,51.6,23.26,7.12,4,0,4,0.0,750.0,0
77.565,1423,1,1,0,51.6,23.31,7.12,4,0,4,0.0,750.0,0
77.62,1424,1,1,0,51.6,23.62,7.12,4,0,4,0.0,750.0,0
77.675,1425,1,1,0,51.6,23.32,7.12,5,0,5,0.0,750.0,0
77.729,1426,1,1,0,51.6,23.38,7.12,6,0,6,0.0,750.0,0
77.784,1427,1,1,0,51.6,23.61,7.12,3,0,3,0.0,750.0,0
77.839,1428,1,1,0,51.6,23.18,7.12,3,0,3,0.0,750.0,0
77.893,1429,1,1,0,51.6,23.19,7.12,3,0,3,0.0,750.0,0
77.947,1430,1,1,0,51.6,23.43,7.12,5,0,5,0.0,750.0,0
78.002,1431,1,1,0,51.6,23.33,7.12,7,0,7,0.0,750.0,0
78.057,1432,1,1,0,51.6,23.29,7.12,6,0,6,0.0,750.0,0
78.111,1433,1,1,0,51.6,23.56,7.12,6,0,6,0.0,750.0,0
78.166,1434,1,1,0,51.6,23.33,7.12,4,0,4,0.0,750.0,0
78.221,1435,1,1,0,51.6,23.23,7.12,4,0,4,0.0,750.0,0
78.275,1436,1,1,0,51.6,23.58,7.12,6,0,6,0.0,750.0,0
78.33,1437,1,1,0,51.6,23.41,7.12,4,0,4,0.0,750.0,0
78.385,1438,1,1,0,51.4,23.3,7.12,6,0,6,0.0,750.0,0
78.44,1439,1,1,0,51.4,23.76,7.12,3,0,3,0.0,750.0,0
78.494,1440,1,1,0,51.4,23.28,7.12,5,0,5,0.0,750.0,0
78.549,1441,1,1,0,51.4,23.39,7.12,3,0,3,0.0,750.0,0
78.603,1442,1,1,0,51.4,23.55,7.12,4,0,4,0.0,750.0,0
78.658,1443,1,1,0,51.4,23.28,7.12,6,0,6,0.0,750.0,0
78.712,1444,1,1,0,51.4,23.27,7.12,4,0,4,0.0,750.0,0
78.767,1445,1,1,0,51.4,23.5,7.12,4,0,4,0.0,750.0,0
78.821,1446,1,1,0,51.4,23.4,7.12,4,0,4,0.0,750.0,0
78.876,1447,1,1,0,51.4,23.32,7.12,4,0,4,0.0,750.0,0
78.93,1448,1,1,0,51.4,23.77,7.12,4,0,4,0.0,750.0,0
78.985,1449,1,1,0,51.4,23.31,7.12,5,0,5,0.0,750.0,0
79.04,1450,1,1,0,51.4,23.17,7.12,4,0,4,0.0,750.0,0
79.094,1451,1,1,0,51.4,24.0,7.12,5,0,5,0.0,750.0,0
79.149,1452,1,1,0,51.4,23.32,7.12,4,0,4,0.0,750.0,0
79.203,1453,1,1,0,51.4,23.18,7.12,3,0,3,0.0,750.0,0
79.258,1454,1,1,0,51.4,23.67,7.12,5,0,5,0.0,750.0,0
79.313,1455,1,1,0,51.4,23.35,7.12,5,0,5,0.0,750.0,0
79.367,1456,1,1,0,51.6,23.32,7.12,4,0,4,0.0,750.0,0
79.422,1457,1,1,0,51.6,23.83,7.12,6,0,6,0.0,750.0,0
79.477,1458,1,1,0,51.6,23.33,7.12,6,0,6,0.0,750.0,0
79.532,1459,1,1,0,51.6,23.29,7.12,5,0,5,0.0,750.0,0
79.586,1460,1,1,0,51.6,23.39,7.12,5,0,5,0.0,750.0,0
79.641,1461,1,1,0,51.6,23.37,7.12,6,0,6,0.0,750.0,0
79.696,1462,1,1,0,51.6,23.28,7.12,7,0,7,0.0,750.0,0
79.751,1463,1,1,0,51.6,23.6,7.12,5,0,5,0.0,750.0,0
79.806,1464,1,1,0,51.6,23.36,7.12,5,0,5,0.0,750.0,0
79.86,1465,1,1,0,51.6,23.4,7.12,6,0,6,0.0,750.0,0
79.915,1466,1,1,0,51.6,23.65,7.12,5,0,5,0.0,750.0,0
79.97,1467,1,1,0,51.6,23.29,7.12,6,0,6,0.0,750.0,0
80.025,1468,1,1,0,51.6,23.26,7.12,6,0,6,0.0,750.0,0
80.08,1469,1,1,0,51.6,23.61,7.12,5,0,5,0.0,750.0,0
80.134,1470,1,1,0,51.6,23.27,7.12,4,0,4,0.0,750.0,0
80.189,1471,1,1,0,51.6,23.33,7.12,4,0,4,0.0,750.0,0
80.243,1472,1,1,0,51.6,23.53,7.12,4,0,4,0.0,750.0,0
80.298,1473,1,1,0,51.6,23.31,7.12,5,0,5,0.0,750.0,0
80.353,1474,1,1,0,51.8,23.26,7.12,7,0,7,0.0,750.0,0
80.408,1475,1,1,0,51.8,23.77,7.12,6,0,6,0.0,750.0,0
80.463,1476,1,1,0,51.8,23.25,7.12,6,0,6,0.0,750.0,0
80.518,1477,1,1,0,51.8,32.67,7.12,4,0,4,0.0,750.0,0
80.582,1478,1,1,0,51.8,23.62,7.12,4,0,4,0.0,750.0,0
80.637,1479,1,1,0,51.8,23.3,7.12,6,0,6,0.0,750.0,0
80.691,1480,1,1,0,51.8,23.28,7.12,6,0,6,0.0,750.0,0
80.746,1481,1,1,0,51.8,23.71,7.12,6,0,6,0.0,750.0,0
80.801,1482,1,1,0,51.8,23.32,7.12,6,0,6,0.0,750.0,0
80.856,1483,1,1,0,51.8,23.29,7.12,6,0,6,0.0,750.0,0
80.911,1484,1,1,0,51.8,23.56,7.12,6,0,6,0.0,750.0,0
80.966,1485,1,1,0,51.8,23.37,7.12,7,0,7,0.0,750.0,0
81.021,1486,1,1,0,51.8,23.25,7.12,5,0,5,0.0,750.0,0
81.075,1487,1,1,0,51.8,23.69,7.12,6,0,6,0.0,750.0,0
81.13,1488,1,1,0,51.8,23.26,7.12,8,0,8,0.0,750.0,0
81.185,1489,1,1,0,51.8,23.25,7.12,7,0,7,0.0,750.0,0
81.24,1490,1,1,0,51.8,23.5,7.12,8,0,8,0.0,750.0,0
81.296,1491,1,1,0,51.8,23.28,7.12,5,0,5,0.0,750.0,0
81.351,1492,1,1,0,51.5,23.36,7.12,8,0,8,0.0,750.0,0
81.406,1493,1,1,0,51.5,23.84,7.12,5,0,5,0.0,750.0,0
81.461,1494,1,1,0,51.5,23.4,7.12,6,0,6,0.0,750.0,0
81.516,1495,1,1,0,51.5,23.33,7.12,6,0,6,0.0,750.0,0
81.571,1496,1,1,0,51.5,23.64,7.12,4,0,4,0.0,750.0,0
81.625,1497,1,1,0,51.5,23.24,7.12,8,0,8,0.0,750.0,0
81.68,1498,1,1,0,51.5,23.24,7.12,7,0,7,0.0,750.0,0
81.735,1499,1,1,0,51.5,23.69,7.12,5,0,5,0.0,750.0,0
81.79,1500,1,1,0,51.5,23.31,7.12,7,0,7,0.0,750.0,0
81.845,1501,1,1,0,51.5,23.31,7.12,6,0,6,0.0,750.0,0
81.9,1502,1,1,0,51.5,23.63,7.12,6,0,6,0.0,750.0,0
81.955,1503,1,1,0,51.5,23.25,7.12,7,0,7,0.0,750.0,0
82.01,1504,1,1,0,51.5,23.23,7.12,5,0,5,0.0,750.0,0
82.065,1505,1,1,0,51.5,23.61,7.12,6,0,6,0.0,750.0,0
82.12,1506,1,1,0,51.5,23.26,7.12,6,0,6,0.0,750.0,0
82.175,1507,1,1,0,51.5,23.34,7.12,5,0,5,0.0,750.0,0
82.229,1508,1,1,0,51.5,23.54,7.12,5,0,5,0.0,750.0,0
82.284,1509,1,1,0,51.5,23.18,7.12,6,0,6,0.0,750.0,0
82.339,1510,1,1,0,51.3,23.28,7.12,6,0,6,0.0,750.0,0
82.394,1511,1,1,0,51.3,23.66,7.12,5,0,5,0.0,750.0,0
82.449,1512,1,1,0,51.3,23.38,7.12,5,0,5,0.0,750.0,0
82.503,1513,1,1,0,51.3,23.26,7.12,5,0,5,0.0,750.0,0
82.558,1514,1,1,0,51.3,23.59,7.12,6,0,6,0.0,750.0,0
82.613,1515,1,1,0,51.3,23.42,7.12,6,0,6,0.0,750.0,0
82.668,1516,1,1,0,51.3,23.18,7.12,7,0,7,0.0,750.0,0
82.723,1517,1,1,0,51.3,23.58,7.12,6,0,6,0.0,750.0,0
82.778,1518,1,1,0,51.3,23.43,7.12,6,0,6,0.0,750.0,0
82.833,1519,1,1,0,51.3,23.26,7.12,6,0,6,0.0,750.0,0
82.888,1520,1,1,0,51.3,23.43,7.12,6,0,6,0.0,750.0,0
82.943,1521,1,1,0,51.3,23.27,7.12,7,0,7,0.0,750.0,0
82.998,1522,1,1,0,51.3,23.28,7.12,5,0,5,0.0,750.0,0
83.053,1523,1,1,0,51.3,23.57,7.12,7,0,7,0.0,750.0,0
83.108,1524,1,1,0,51.3,23.24,7.12,4,0,4,0.0,750.0,0
83.162,1525,1,1,0,51.3,23.69,7.12,8,0,8,0.0,750.0,0
83.229,1526,1,1,0,51.3,23.59,7.12,7,0,7,0.0,750.0,0
83.284,1527,1,1,0,51.3,23.42,7.12,4,0,4,0.0,750.0,0
83.339,1528,1,1,0,51.5,23.43,7.12,4,0,4,0.0,750.0,0
83.398,1529,1,1,0,51.5,23.72,7.12,6,0,6,0.0,750.0,0
83.453,1530,1,1,0,51.5,23.29,7.12,6,0,6,0.0,750.0,0
83.508,1531,1,1,0,51.5,23.24,7.12,6,0,6,0.0,750.0,0
83.563,1532,1,1,0,51.5,23.33,7.12,4,0,4,0.0,750.0,0
83.617,1533,1,1,0,51.5,23.34,7.12,4,0,4,0.0,750.0,0
83.671,1534,1,1,0,51.5,23.34,7.12,3,0,3,0.0,750.0,0
83.726,1535,1,1,0,51.5,23.51,7.12,3,0,3,0.0,750.0,0
83.78,1536,1,1,0,51.5,23.37,7.12,5,0,5,0.0,750.0,0
83.835,1537,1,1,0,51.5,23.2,7.12,3,0,3,0.0,750.0,0
83.889,1538,1,1,0,51.5,23.61,7.12,3,0,3,0.0,750.0,0
83.943,1539,1,1,0,51.5,23.29,7.12,5,0,5,0.0,750.0,0
83.998,1540,1,1,0,51.5,23.28,7.12,4,0,4,0.0,750.0,0
84.053,1541,1,1,0,51.5,23.64,7.12,6,0,6,0.0,750.0,0
84.108,1542,1,1,0,51.5,23.35,7.12,3,0,3,0.0,750.0,0
84.162,1543,1,1,0,51.5,23.58,7.12,3,0,3,0.0,750.0,0
84.217,1544,1,1,0,51.5,23.22,7.12,4,0,4,0.0,750.0,0
84.271,1545,1,1,0,51.5,23.3,7.12,4,0,4,0.0,750.0,0
84.325,1546,1,1,0,51.5,23.3,7.12,4,0,4,0.0,750.0,0
84.38,1547,1,1,0,51.4,23.67,7.12,4,0,4,0.0,750.0,0
84.435,1548,1,1,0,51.4,23.33,7.12,5,0,5,0.0,750.0,0
84.489,1549,1,1,0,51.4,23.61,7.12,3,0,3,0.0,750.0,0
84.544,1550,1,1,0,51.4,23.16,7.12,5,0,5,0.0,750.0,0
84.598,1551,1,1,0,51.4,23.33,7.12,6,0,6,0.0,750.0,0
84.653,1552,1,1,0,51.4,23.2,7.12,7,0,7,0.0,750.0,0
84.708,1553,1,1,0,51.4,23.64,7.12,5,0,5,0.0,750.0,0
84.763,1554,1,1,0,51.4,23.43,7.12,4,0,4,0.0,750.0,0
84.818,1555,1,1,0,51.4,23.65,7.12,4,0,4,0.0,750.0,0
84.873,1556,1,1,0,51.4,23.27,7.12,5,0,5,0.0,750.0,0
84.927,1557,1,1,0,51.4,23.4,7.12,5,0,5,0.0,750.0,0
84.982,1558,1,1,0,51.4,23.31,7.12,3,0,3,0.0,750.0,0
85.036,1559,1,1,0,51.4,23.59,7.12,4,0,4,0.0,750.0,0
85.091,1560,1,1,0,51.4,23.28,7.12,4,0,4,0.0,750.0,0
85.145,1561,1,1,0,51.4,23.64,7.12,5,0,5,0.0,750.0,0
85.2,1562,1,1,0,51.4,23.22,7.12,3,0,3,0.0,750.0,0
85.254,1563,1,1,0,51.4,25.16,7.12,4,0,4,0.0,750.0,0
85.31,1564,1,1,0,51.4,23.39,7.12,4,0,4,0.0,750.0,0
85.365,1565,1,1,0,51.4,23.81,7.12,6,0,6,0.0,750.0,0
85.42,1566,1,1,0,51.4,23.84,7.12,4,0,4,0.0,750.0,0
85.475,1567,1,1,0,51.4,23.7,7.12,4,0,4,0.0,750.0,0
85.53,1568,1,1,0,51.4,32.62,7.12,5,0,5,0.0,750.0,0
85.594,1569,1,1,0,51.4,23.38,7.12,4,0,4,0.0,750.0,0
85.648,1570,1,1,0,51.4,23.22,7.12,4,0,4,0.0,750.0,0
85.703,1571,1,1,0,51.4,23.62,7.12,5,0,5,0.0,750.0,0
85.758,1572,1,1,0,51.4,23.49,7.12,5,0,5,0.0,750.0,0
85.813,1573,1,1,0,51.4,23.65,7.12,4,0,4,0.0,750.0,0
85.867,1574,1,1,0,51.4,23.33,7.12,2,0,2,0.0,750.0,0
85.921,1575,1,1,0,51.4,23.24,7.12,2,0,2,0.0,750.0,0
85.975,1576,1,1,0,51.4,23.15,7.12,2,0,2,0.0,750.0,0
86.029,1577,1,1,0,51.4,23.64,7.12,1,0,1,0.0,750.0,0
86.083,1578,1,1,0,51.4,23.29,7.12,2,0,2,0.0,750.0,0
86.137,1579,1,1,0,51.4,23.53,7.12,1,0,1,0.0,750.0,0
86.191,1580,1,1,0,51.4,23.16,7.12,1,0,1,0.0,750.0,0
86.245,1581,1,1,0,51.4,23.2,7.12,1,0,1,0.0,750.0,0
86.299,1582,1,1,0,51.4,23.18,7.12,1,0,1,0.0,750.0,0
86.352,1583,1,1,0,51.3,23.49,7.12,1,0,1,0.0,750.0,0
86.407,1584,1,1,0,51.3,23.31,7.12,2,0,2,0.0,750.0,0
86.461,1585,1,1,0,51.3,23.49,7.12,1,0,1,0.0,750.0,0
86.515,1586,1,1,0,51.3,23.16,7.12,1,0,1,0.0,750.0,0
86.568,1587,1,1,0,51.3,23.22,7.12,2,0,2,0.0,750.0,0
86.622,1588,1,1,0,51.3,23.22,7.12,1,0,1,0.0,750.0,0
86.676,1589,1,1,0,51.3,23.59,7.12,4,0,4,0.0,750.0,0
86.731,1590,1,1,0,51.3,23.29,7.12,6,0,6,0.0,750.0,0
86.786,1591,1,1,0,51.3,23.67,7.12,4,0,4,0.0,750.0,0
86.841,1592,1,1,0,51.3,23.56,7.12,6,0,6,0.0,750.0,0
86.895,1593,1,1,0,51.3,23.44,7.12,5,0,5,0.0,750.0,0
86.95,1594,1,1,0,51.3,23.24,7.12,6,0,6,0.0,750.0,0
87.005,1595,1,1,0,51.3,23.62,7.12,5,0,5,0.0,750.0,0
87.06,1596,1,1,0,51.3,23.25,7.12,5,0,5,0.0,750.0,0
87.115,1597,1,1,0,51.3,23.58,7.12,4,0,4,0.0,750.0,0
87.169,1598,1,1,0,51.3,23.28,7.12,3,0,3,0.0,750.0,0
87.224,1599,1,1,0,51.3,23.23,7.12,4,0,4,0.0,750.0,0
87.278,1600,1,1,0,51.3,23.24,7.12,3,0,3,0.0,750.0,0
87.332,1601,1,1,0,51.3,23.6,7.12,3,0,3,0.0,750.0,0
87.387,1602,1,1,0,51.7,23.35,7.12,3,0,3,0.0,750.0,0
87.441,1603,1,1,0,51.7,23.6,7.12,4,0,4,0.0,750.0,0
87.496,1604,1,1,0,51.7,23.32,7.12,4,0,4,0.0,750.0,0
87.55,1605,1,1,0,51.7,23.25,7.12,3,0,3,0.0,750.0,0
87.604,1606,1,1,0,51.7,23.35,7.12,3,0,3,0.0,750.0,0
87.659,1607,1,1,0,51.7,23.57,7.12,3,1,2,3.0,753.0,0
87.713,1608,1,1,0,51.7,23.24,7.12,4,0,4,0.0,753.0,0
87.768,1609,1,1,0,51.7,23.71,7.12,3,1,2,3.0,756.0,0
87.822,1610,1,1,0,51.7,23.22,7.12,4,0,4,0.0,756.0,0
87.877,1611,1,1,0,51.7,23.3,7.12,4,0,4,0.0,756.0,0
87.931,1612,1,1,0,51.7,23.2,7.12,5,0,5,0.0,756.0,0
87.985,1613,1,1,0,51.7,23.54,7.12,5,0,5,0.0,756.0,0
88.04,1614,1,1,0,51.7,23.27,7.12,4,0,4,0.0,756.0,0
88.095,1615,1,1,0,51.7,23.55,7.12,3,0,3,0.0,756.0,0
88.149,1616,1,1,0,51.7,23.16,7.12,3,0,3,0.0,756.0,0
88.203,1617,1,1,0,51.7,23.27,7.12,3,0,3,0.0,756.0,0
88.257,1618,1,1,0,51.7,23.48,7.12,5,0,5,0.0,756.0,0
88.312,1619,1,1,0,51.7,23.62,7.12,4,0,4,0.0,756.0,0
88.367,1620,1,1,0,51.6,23.28,7.12,4,0,4,0.0,756.0,0
88.421,1621,1,1,0,51.6,23.9,7.12,4,0,4,0.0,756.0,0
88.476,1622,1,1,0,51.6,23.44,7.12,3,0,3,0.0,756.0,0
88.531,1623,1,1,0,51.6,23.93,7.12,4,0,4,0.0,756.0,0
88.586,1624,1,1,0,51.6,23.84,7.12,4,0,4,0.0,756.0,0
88.641,1625,1,1,0,51.6,23.79,7.12,3,0,3,0.0,756.0,0
88.696,1626,1,1,0,51.6,26.0,7.12,2,0,2,0.0,756.0,0
88.753,1627,1,1,0,51.6,30.47,7.12,2,0,2,0.0,756.0,0
88.814,1628,1,1,0,51.6,24.89,7.12,2,0,2,0.0,756.0,0
88.87,1629,1,1,0,51.6,23.27,7.12,2,0,2,0.0,756.0,0
88.924,1630,1,1,0,51.6,23.63,7.12,3,0,3,0.0,756.0,0
88.978,1631,1,1,0,51.6,23.42,7.12,2,0,2,0.0,756.0,0
89.032,1632,1,1,0,51.6,23.35,7.12,3,0,3,0.0,756.0,0
89.087,1633,1,1,0,51.6,23.72,7.12,3,1,2,3.0,759.0,0
89.142,1634,1,1,0,51.6,23.49,7.12,2,1,1,3.0,762.0,0
89.196,1635,1,1,0,51.6,23.33,7.12,2,0,2,0.0,762.0,0
89.25,1636,1,1,0,51.6,23.3,7.12,2,0,2,0.0,762.0,0
89.303,1637,1,1,0,51.6,23.3,7.12,3,0,3,0.0,762.0,0
89.358,1638,1,1,0,51.9,23.36,7.12,2,0,2,0.0,762.0,0
89.412,1639,1,1,0,51.9,23.95,7.12,3,0,3,0.0,762.0,0
89.467,1640,1,1,0,51.9,23.34,7.12,4,0,4,0.0,762.0,0
89.521,1641,1,1,0,51.9,23.31,7.12,3,0,3,0.0,762.0,0
89.576,1642,1,1,0,51.9,23.44,7.12,3,0,3,0.0,762.0,0
89.63,1643,1,1,0,51.9,23.42,7.12,2,0,2,0.0,762.0,0
89.684,1644,1,1,0,51.9,23.21,7.12,3,0,3,0.0,762.0,0
89.738,1645,1,1,0,51.9,23.72,7.12,3,0,3,0.0,762.0,0
89.793,1646,1,1,0,51.9,23.39,7.12,2,0,2,0.0,762.0,0
89.847,1647,1,1,0,51.9,23.42,7.12,3,0,3,0.0,762.0,0
89.901,1648,1,1,0,51.9,23.3,7.12,3,0,3,0.0,762.0,0
89.955,1649,1,1,0,51.9,23.44,7.12,2,0,2,0.0,762.0,0
90.009,1650,1,1,0,51.9,23.56,7.12,3,0,3,0.0,762.0,0
