t,frame,name,conf,score,decision,reason
0.038,1,class62,0.653,0.327,DISCARD,low_score
0.038,1,class62,0.335,0.167,DISCARD,low_score
0.108,2,class62,0.453,0.227,DISCARD,low_score
0.108,2,class45,0.302,0.151,DISCARD,low_score
0.108,2,class39,0.278,0.139,DISCARD,low_score
0.176,3,class62,0.57,0.285,DISCARD,low_score
0.243,4,class62,0.482,0.241,DISCARD,low_score
0.308,5,class62,0.568,0.284,DISCARD,low_score
0.377,6,class62,0.479,0.239,DISCARD,low_score
0.377,6,class39,0.326,0.163,DISCARD,low_score
0.442,7,class62,0.662,0.331,DISCARD,low_score
0.509,8,class62,0.621,0.31,DISCARD,low_score
0.575,9,class62,0.521,0.261,DISCARD,low_score
0.642,10,class62,0.398,0.199,DISCARD,low_score
0.642,10,class62,0.317,0.159,DISCARD,low_score
0.708,11,class62,0.471,0.235,DISCARD,low_score
0.708,11,class39,0.389,0.194,DISCARD,low_score
0.708,11,class39,0.338,0.169,DISCARD,low_score
0.775,12,class62,0.523,0.262,DISCARD,low_score
0.775,12,class39,0.307,0.154,DISCARD,low_score
0.775,12,class62,0.254,0.127,DISCARD,low_score
0.842,13,class62,0.688,0.344,DISCARD,low_score
0.842,13,class62,0.43,0.215,DISCARD,low_score
0.842,13,class39,0.356,0.178,DISCARD,low_score
0.842,13,class39,0.352,0.176,DISCARD,low_score
0.911,14,class62,0.642,0.321,DISCARD,low_score
0.978,15,class62,0.624,0.312,DISCARD,low_score
0.978,15,class39,0.255,0.128,DISCARD,low_score
1.046,16,class62,0.486,0.243,DISCARD,low_score
1.046,16,class62,0.304,0.152,DISCARD,low_score
1.113,17,class62,0.398,0.199,DISCARD,low_score
1.181,18,class62,0.537,0.269,DISCARD,low_score
1.247,19,class45,0.316,0.158,DISCARD,low_score
1.247,19,class62,0.285,0.142,DISCARD,low_score
1.314,20,class62,0.4,0.2,DISCARD,low_score
1.443,22,class62,0.39,0.195,DISCARD,low_score
1.511,23,class62,0.404,0.202,DISCARD,low_score
1.576,24,class62,0.432,0.216,DISCARD,low_score
1.642,25,class62,0.696,0.348,DISCARD,low_score
1.708,26,class62,0.523,0.262,DISCARD,low_score
1.773,27,class62,0.593,0.296,DISCARD,low_score
1.843,28,class62,0.314,0.157,DISCARD,low_score
1.909,29,class62,0.56,0.28,DISCARD,low_score
1.974,30,class62,0.516,0.258,DISCARD,low_score
2.04,31,class62,0.699,0.35,DISCARD,low_score
2.107,32,class62,0.681,0.34,DISCARD,low_score
2.173,33,class62,0.558,0.279,DISCARD,low_score
2.238,34,class62,0.389,0.194,DISCARD,low_score
2.238,34,class62,0.251,0.125,DISCARD,low_score
2.304,35,class62,0.696,0.348,DISCARD,low_score
2.371,36,class62,0.642,0.321,DISCARD,low_score
2.371,36,class62,0.356,0.178,DISCARD,low_score
2.437,37,class62,0.773,0.387,KEEP,priority+bandwidth_ok
2.502,38,class62,0.469,0.234,DISCARD,low_score
2.568,39,class62,0.4,0.2,DISCARD,low_score
2.635,40,class62,0.453,0.227,DISCARD,low_score
2.7,41,class62,0.428,0.214,DISCARD,low_score
2.765,42,class62,0.417,0.208,DISCARD,low_score
2.832,43,class62,0.525,0.263,DISCARD,low_score
3.153,48,class62,0.335,0.167,DISCARD,low_score
3.408,52,class62,0.324,0.162,DISCARD,low_score
3.537,54,class2,0.257,0.128,DISCARD,low_score
3.537,54,class2,0.255,0.128,DISCARD,low_score
3.537,54,class2,0.251,0.125,DISCARD,low_score
3.603,55,class56,0.308,0.154,DISCARD,low_score
3.603,55,class2,0.267,0.134,DISCARD,low_score
3.796,58,class2,0.428,0.214,DISCARD,low_score
3.796,58,class2,0.329,0.165,DISCARD,low_score
3.796,58,class60,0.268,0.134,DISCARD,low_score
3.863,59,class2,0.4,0.2,DISCARD,low_score
3.863,59,class2,0.302,0.151,DISCARD,low_score
3.863,59,class2,0.27,0.135,DISCARD,low_score
3.929,60,class39,0.516,0.258,DISCARD,low_score
3.995,61,class39,0.48,0.24,DISCARD,low_score
3.995,61,class60,0.253,0.127,DISCARD,low_score
4.064,62,class39,0.521,0.261,DISCARD,low_score
4.064,62,class62,0.363,0.181,DISCARD,low_score
4.131,63,class41,0.274,0.137,DISCARD,low_score
4.196,64,class2,0.319,0.16,DISCARD,low_score
4.263,65,class45,0.368,0.184,DISCARD,low_score
4.263,65,class39,0.321,0.16,DISCARD,low_score
4.331,66,class39,0.402,0.201,DISCARD,low_score
4.331,66,class45,0.385,0.192,DISCARD,low_score
4.331,66,class2,0.316,0.158,DISCARD,low_score
4.398,67,class39,0.415,0.207,DISCARD,low_score
4.398,67,class2,0.376,0.188,DISCARD,low_score
4.398,67,class2,0.277,0.138,DISCARD,low_score
4.464,68,class45,0.423,0.211,DISCARD,low_score
4.464,68,class39,0.419,0.209,DISCARD,low_score
4.464,68,class62,0.407,0.204,DISCARD,low_score
4.531,69,class39,0.577,0.289,DISCARD,low_score
4.531,69,class62,0.326,0.163,DISCARD,low_score
4.531,69,class45,0.317,0.159,DISCARD,low_score
4.599,70,class39,0.63,0.315,DISCARD,low_score
4.599,70,class45,0.459,0.23,DISCARD,low_score
4.599,70,class41,0.361,0.181,DISCARD,low_score
4.667,71,class39,0.484,0.242,DISCARD,low_score
4.667,71,class62,0.417,0.208,DISCARD,low_score
4.667,71,class45,0.34,0.17,DISCARD,low_score
4.667,71,class41,0.333,0.166,DISCARD,low_score
4.735,72,class39,0.553,0.276,DISCARD,low_score
4.735,72,class45,0.535,0.268,DISCARD,low_score
4.804,73,class39,0.52,0.26,DISCARD,low_score
4.804,73,class45,0.428,0.214,DISCARD,low_score
4.804,73,class62,0.368,0.184,DISCARD,low_score
4.872,74,class39,0.533,0.267,DISCARD,low_score
4.872,74,class45,0.479,0.239,DISCARD,low_score
4.872,74,class41,0.396,0.198,DISCARD,low_score
4.872,74,class62,0.345,0.173,DISCARD,low_score
4.939,75,class45,0.479,0.239,DISCARD,low_score
4.939,75,class39,0.417,0.208,DISCARD,low_score
4.939,75,class41,0.411,0.206,DISCARD,low_score
5.005,76,class39,0.598,0.299,DISCARD,low_score
5.005,76,class45,0.533,0.267,DISCARD,low_score
5.005,76,class41,0.461,0.231,DISCARD,low_score
5.005,76,class62,0.295,0.148,DISCARD,low_score
5.071,77,class45,0.504,0.252,DISCARD,low_score
5.071,77,class62,0.471,0.235,DISCARD,low_score
5.071,77,class39,0.467,0.233,DISCARD,low_score
5.071,77,class41,0.326,0.163,DISCARD,low_score
5.144,78,class45,0.479,0.239,DISCARD,low_score
5.144,78,class39,0.447,0.224,DISCARD,low_score
5.144,78,class41,0.359,0.18,DISCARD,low_score
5.21,79,class45,0.574,0.287,DISCARD,low_score
5.21,79,class39,0.564,0.282,DISCARD,low_score
5.21,79,class41,0.383,0.192,DISCARD,low_score
5.276,80,class45,0.646,0.323,DISCARD,low_score
5.276,80,class39,0.633,0.317,DISCARD,low_score
5.276,80,class41,0.484,0.242,DISCARD,low_score
5.276,80,class62,0.256,0.128,DISCARD,low_score
5.342,81,class45,0.657,0.328,DISCARD,low_score
5.342,81,class39,0.641,0.32,DISCARD,low_score
5.342,81,class41,0.453,0.227,DISCARD,low_score
5.342,81,class62,0.394,0.197,DISCARD,low_score
5.408,82,class45,0.698,0.349,DISCARD,low_score
5.408,82,class39,0.665,0.333,DISCARD,low_score
5.408,82,class41,0.44,0.22,DISCARD,low_score
5.474,83,class45,0.701,0.35,KEEP,priority+bandwidth_ok
5.474,83,class39,0.615,0.308,DISCARD,low_score
5.474,83,class77,0.447,0.224,DISCARD,low_score
5.474,83,class41,0.278,0.139,DISCARD,low_score
5.474,83,class62,0.272,0.136,DISCARD,low_score
5.54,84,class45,0.657,0.328,DISCARD,low_score
5.54,84,class39,0.61,0.305,DISCARD,low_score
5.54,84,class62,0.572,0.286,DISCARD,low_score
5.54,84,class41,0.417,0.208,DISCARD,low_score
5.606,85,class39,0.655,0.327,DISCARD,low_score
5.606,85,class45,0.604,0.302,DISCARD,low_score
5.606,85,class41,0.428,0.214,DISCARD,low_score
5.606,85,class62,0.31,0.155,DISCARD,low_score
5.672,86,class45,0.644,0.322,DISCARD,low_score
5.672,86,class39,0.617,0.308,DISCARD,low_score
5.672,86,class41,0.39,0.195,DISCARD,low_score
5.672,86,class62,0.387,0.193,DISCARD,low_score
5.738,87,class45,0.722,0.361,KEEP,priority+bandwidth_ok
5.738,87,class41,0.525,0.263,DISCARD,low_score
5.738,87,class39,0.52,0.26,DISCARD,low_score
5.738,87,class62,0.269,0.134,DISCARD,low_score
5.804,88,class45,0.715,0.358,KEEP,priority+bandwidth_ok
5.804,88,class62,0.577,0.289,DISCARD,low_score
5.804,88,class41,0.482,0.241,DISCARD,low_score
5.804,88,class39,0.43,0.215,DISCARD,low_score
5.871,89,class62,0.736,0.368,KEEP,priority+bandwidth_ok
5.871,89,class45,0.672,0.336,DISCARD,low_score
5.871,89,class39,0.498,0.249,DISCARD,low_score
5.871,89,class77,0.365,0.182,DISCARD,low_score
5.937,90,class39,0.686,0.343,DISCARD,low_score
5.937,90,class62,0.635,0.318,DISCARD,low_score
5.937,90,class45,0.632,0.316,DISCARD,low_score
5.937,90,class77,0.417,0.208,DISCARD,low_score
6.004,91,class45,0.711,0.355,KEEP,priority+bandwidth_ok
6.004,91,class41,0.512,0.256,DISCARD,low_score
6.004,91,class39,0.432,0.216,DISCARD,low_score
6.004,91,class62,0.326,0.163,DISCARD,low_score
6.004,91,class77,0.323,0.161,DISCARD,low_score
6.07,92,class45,0.63,0.315,DISCARD,low_score
6.07,92,class39,0.619,0.309,DISCARD,low_score
6.07,92,class39,0.514,0.257,DISCARD,low_score
6.07,92,class77,0.5,0.25,DISCARD,low_score
6.07,92,class41,0.488,0.244,DISCARD,low_score
6.07,92,class62,0.308,0.154,DISCARD,low_score
6.137,93,class45,0.683,0.341,DISCARD,low_score
6.137,93,class39,0.679,0.34,DISCARD,low_score
6.137,93,class41,0.484,0.242,DISCARD,low_score
6.203,94,class45,0.689,0.345,DISCARD,low_score
6.203,94,class39,0.336,0.168,DISCARD,low_score
6.203,94,class41,0.286,0.143,DISCARD,low_score
6.269,95,class45,0.743,0.372,KEEP,priority+bandwidth_ok
6.269,95,class41,0.484,0.242,DISCARD,low_score
6.269,95,class39,0.35,0.175,DISCARD,low_score
6.337,96,class45,0.714,0.357,KEEP,priority+bandwidth_ok
6.337,96,class39,0.417,0.208,DISCARD,low_score
6.337,96,class41,0.354,0.177,DISCARD,low_score
6.337,96,class45,0.281,0.141,DISCARD,low_score
6.337,96,class62,0.277,0.138,DISCARD,low_score
6.403,97,class45,0.657,0.328,DISCARD,low_score
6.403,97,class39,0.596,0.298,DISCARD,low_score
6.403,97,class77,0.365,0.182,DISCARD,low_score
6.403,97,class41,0.359,0.18,DISCARD,low_score
6.403,97,class45,0.317,0.159,DISCARD,low_score
6.403,97,class62,0.258,0.129,DISCARD,low_score
6.403,97,class45,0.255,0.128,DISCARD,low_score
6.47,98,class45,0.709,0.355,KEEP,priority+bandwidth_ok
6.47,98,class39,0.672,0.336,DISCARD,low_score
6.47,98,class45,0.434,0.217,DISCARD,low_score
6.47,98,class41,0.272,0.136,DISCARD,low_score
6.47,98,class39,0.267,0.134,DISCARD,low_score
6.47,98,class77,0.258,0.129,DISCARD,low_score
6.536,99,class45,0.684,0.342,DISCARD,low_score
6.536,99,class39,0.585,0.293,DISCARD,low_score
6.536,99,class45,0.424,0.212,DISCARD,low_score
6.536,99,class41,0.356,0.178,DISCARD,low_score
6.536,99,class69,0.331,0.166,DISCARD,low_score
6.536,99,class45,0.316,0.158,DISCARD,low_score
6.603,100,class45,0.779,0.389,KEEP,priority+bandwidth_ok
6.603,100,class39,0.639,0.319,DISCARD,low_score
6.603,100,class45,0.482,0.241,DISCARD,low_score
6.603,100,class41,0.376,0.188,DISCARD,low_score
6.67,101,class45,0.739,0.369,KEEP,priority+bandwidth_ok
6.67,101,class39,0.684,0.342,DISCARD,low_score
6.67,101,class45,0.533,0.267,DISCARD,low_score
6.67,101,class41,0.291,0.145,DISCARD,low_score
6.738,102,class45,0.635,0.318,DISCARD,low_score
6.738,102,class39,0.617,0.308,DISCARD,low_score
6.738,102,class45,0.48,0.24,DISCARD,low_score
6.738,102,class41,0.372,0.186,DISCARD,low_score
6.738,102,class45,0.354,0.177,DISCARD,low_score
6.738,102,class77,0.272,0.136,DISCARD,low_score
6.804,103,class45,0.577,0.289,DISCARD,low_score
6.804,103,class39,0.496,0.248,DISCARD,low_score
6.804,103,class41,0.48,0.24,DISCARD,low_score
6.804,103,class45,0.264,0.132,DISCARD,low_score
6.871,104,class45,0.633,0.317,DISCARD,low_score
6.871,104,class45,0.436,0.218,DISCARD,low_score
6.871,104,class39,0.39,0.195,DISCARD,low_score
6.871,104,class41,0.381,0.191,DISCARD,low_score
6.871,104,class45,0.374,0.187,DISCARD,low_score
6.871,104,class45,0.264,0.132,DISCARD,low_score
6.939,105,class45,0.635,0.318,DISCARD,low_score
6.939,105,class39,0.576,0.288,DISCARD,low_score
6.939,105,class45,0.502,0.251,DISCARD,low_score
7.006,106,class45,0.642,0.321,DISCARD,low_score
7.006,106,class39,0.633,0.317,DISCARD,low_score
7.006,106,class45,0.438,0.219,DISCARD,low_score
7.006,106,class41,0.314,0.157,DISCARD,low_score
7.006,106,class45,0.274,0.137,DISCARD,low_score
7.072,107,class39,0.679,0.34,DISCARD,low_score
7.072,107,class45,0.455,0.228,DISCARD,low_score
7.072,107,class45,0.329,0.165,DISCARD,low_score
7.138,108,class39,0.646,0.323,DISCARD,low_score
7.138,108,class45,0.492,0.246,DISCARD,low_score
7.138,108,class45,0.428,0.214,DISCARD,low_score
7.138,108,class41,0.39,0.195,DISCARD,low_score
7.209,109,class39,0.684,0.342,DISCARD,low_score
7.209,109,class45,0.484,0.242,DISCARD,low_score
7.209,109,class45,0.424,0.212,DISCARD,low_score
7.209,109,class45,0.361,0.181,DISCARD,low_score
7.209,109,class41,0.297,0.149,DISCARD,low_score
7.209,109,class39,0.264,0.132,DISCARD,low_score
7.277,110,class39,0.662,0.331,DISCARD,low_score
7.277,110,class45,0.537,0.269,DISCARD,low_score
7.277,110,class45,0.424,0.212,DISCARD,low_score
7.277,110,class41,0.378,0.189,DISCARD,low_score
7.345,111,class39,0.655,0.327,DISCARD,low_score
7.345,111,class45,0.633,0.317,DISCARD,low_score
7.345,111,class41,0.459,0.23,DISCARD,low_score
7.345,111,class45,0.411,0.206,DISCARD,low_score
7.412,112,class45,0.722,0.361,KEEP,priority+bandwidth_ok
7.412,112,class45,0.635,0.318,DISCARD,low_score
7.412,112,class39,0.527,0.264,DISCARD,low_score
7.412,112,class41,0.272,0.136,DISCARD,low_score
7.478,113,class39,0.574,0.287,DISCARD,low_score
7.478,113,class45,0.553,0.276,DISCARD,low_score
7.478,113,class41,0.469,0.234,DISCARD,low_score
7.478,113,class45,0.368,0.184,DISCARD,low_score
7.544,114,class39,0.608,0.304,DISCARD,low_score
7.544,114,class45,0.589,0.294,DISCARD,low_score
7.544,114,class45,0.432,0.216,DISCARD,low_score
7.544,114,class41,0.358,0.179,DISCARD,low_score
7.612,115,class39,0.686,0.343,DISCARD,low_score
7.612,115,class45,0.613,0.307,DISCARD,low_score
7.612,115,class45,0.518,0.259,DISCARD,low_score
7.612,115,class45,0.446,0.223,DISCARD,low_score
7.612,115,class41,0.293,0.146,DISCARD,low_score
7.681,116,class45,0.606,0.303,DISCARD,low_score
7.681,116,class39,0.572,0.286,DISCARD,low_score
7.681,116,class45,0.35,0.175,DISCARD,low_score
7.681,116,class41,0.275,0.138,DISCARD,low_score
7.748,117,class45,0.712,0.356,KEEP,priority+bandwidth_ok
7.748,117,class39,0.611,0.306,DISCARD,low_score
7.748,117,class45,0.529,0.265,DISCARD,low_score
7.748,117,class41,0.411,0.206,DISCARD,low_score
7.748,117,class45,0.361,0.181,DISCARD,low_score
7.815,118,class45,0.646,0.323,DISCARD,low_score
7.815,118,class45,0.556,0.278,DISCARD,low_score
7.815,118,class39,0.541,0.27,DISCARD,low_score
7.815,118,class39,0.461,0.231,DISCARD,low_score
7.883,119,class39,0.593,0.296,DISCARD,low_score
7.883,119,class45,0.465,0.232,DISCARD,low_score
7.883,119,class45,0.394,0.197,DISCARD,low_score
7.95,120,class39,0.615,0.308,DISCARD,low_score
7.95,120,class45,0.556,0.278,DISCARD,low_score
7.95,120,class45,0.496,0.248,DISCARD,low_score
7.95,120,class45,0.343,0.172,DISCARD,low_score
7.95,120,class41,0.326,0.163,DISCARD,low_score
8.017,121,class45,0.674,0.337,DISCARD,low_score
8.017,121,class39,0.608,0.304,DISCARD,low_score
8.017,121,class41,0.48,0.24,DISCARD,low_score
8.017,121,class45,0.48,0.24,DISCARD,low_score
8.017,121,class45,0.404,0.202,DISCARD,low_score
8.087,122,class45,0.686,0.343,DISCARD,low_score
8.087,122,class45,0.637,0.319,DISCARD,low_score
8.087,122,class39,0.593,0.296,DISCARD,low_score
8.087,122,class41,0.438,0.219,DISCARD,low_score
8.155,123,class39,0.637,0.319,DISCARD,low_score
8.155,123,class45,0.589,0.294,DISCARD,low_score
8.155,123,class45,0.583,0.292,DISCARD,low_score
8.155,123,class41,0.459,0.23,DISCARD,low_score
8.155,123,class45,0.409,0.205,DISCARD,low_score
8.155,123,class70,0.258,0.129,DISCARD,low_score
8.223,124,class39,0.591,0.295,DISCARD,low_score
8.223,124,class45,0.587,0.293,DISCARD,low_score
8.223,124,class41,0.543,0.271,DISCARD,low_score
8.223,124,class45,0.535,0.268,DISCARD,low_score
8.223,124,class45,0.413,0.207,DISCARD,low_score
8.223,124,class45,0.275,0.138,DISCARD,low_score
8.29,125,class39,0.642,0.321,DISCARD,low_score
8.29,125,class45,0.585,0.293,DISCARD,low_score
8.29,125,class45,0.394,0.197,DISCARD,low_score
8.29,125,class45,0.307,0.154,DISCARD,low_score
8.29,125,class41,0.299,0.15,DISCARD,low_score
8.359,126,class45,0.679,0.34,DISCARD,low_score
8.359,126,class39,0.657,0.328,DISCARD,low_score
8.359,126,class45,0.595,0.297,DISCARD,low_score
8.359,126,class45,0.363,0.181,DISCARD,low_score
8.359,126,class41,0.299,0.15,DISCARD,low_score
8.425,127,class45,0.66,0.33,DISCARD,low_score
8.425,127,class39,0.648,0.324,DISCARD,low_score
8.425,127,class45,0.564,0.282,DISCARD,low_score
8.425,127,class41,0.415,0.207,DISCARD,low_score
8.425,127,class45,0.342,0.171,DISCARD,low_score
8.425,127,class45,0.307,0.154,DISCARD,low_score
8.494,128,class45,0.719,0.359,KEEP,priority+bandwidth_ok
8.494,128,class39,0.598,0.299,DISCARD,low_score
8.494,128,class45,0.529,0.265,DISCARD,low_score
8.494,128,class41,0.4,0.2,DISCARD,low_score
8.494,128,class59,0.288,0.144,DISCARD,low_score
8.494,128,class45,0.274,0.137,DISCARD,low_score
8.494,128,class45,0.264,0.132,DISCARD,low_score
8.561,129,class45,0.719,0.359,KEEP,priority+bandwidth_ok
8.561,129,class39,0.613,0.307,DISCARD,low_score
8.561,129,class45,0.547,0.273,DISCARD,low_score
8.561,129,class41,0.411,0.206,DISCARD,low_score
8.561,129,class45,0.251,0.125,DISCARD,low_score
8.628,130,class45,0.736,0.368,KEEP,priority+bandwidth_ok
8.628,130,class39,0.593,0.296,DISCARD,low_score
8.628,130,class45,0.553,0.276,DISCARD,low_score
8.628,130,class41,0.385,0.192,DISCARD,low_score
8.628,130,class45,0.28,0.14,DISCARD,low_score
8.694,131,class45,0.714,0.357,KEEP,priority+bandwidth_ok
8.694,131,class39,0.596,0.298,DISCARD,low_score
8.694,131,class45,0.535,0.268,DISCARD,low_score
8.694,131,class41,0.475,0.237,DISCARD,low_score
8.694,131,class45,0.331,0.166,DISCARD,low_score
8.694,131,class59,0.304,0.152,DISCARD,low_score
8.761,132,class45,0.676,0.338,DISCARD,low_score
8.761,132,class39,0.622,0.311,DISCARD,low_score
8.761,132,class41,0.541,0.27,DISCARD,low_score
8.761,132,class45,0.525,0.263,DISCARD,low_score
8.761,132,class45,0.272,0.136,DISCARD,low_score
8.828,133,class45,0.683,0.341,DISCARD,low_score
8.828,133,class39,0.589,0.294,DISCARD,low_score
8.828,133,class41,0.407,0.204,DISCARD,low_score
8.828,133,class45,0.379,0.19,DISCARD,low_score
8.828,133,class45,0.328,0.164,DISCARD,low_score
8.828,133,class45,0.277,0.138,DISCARD,low_score
8.895,134,class45,0.784,0.392,KEEP,priority+bandwidth_ok
8.895,134,class39,0.61,0.305,DISCARD,low_score
8.895,134,class45,0.514,0.257,DISCARD,low_score
8.895,134,class45,0.347,0.173,DISCARD,low_score
8.895,134,class41,0.343,0.172,DISCARD,low_score
8.895,134,class45,0.283,0.141,DISCARD,low_score
8.963,135,class45,0.755,0.377,KEEP,priority+bandwidth_ok
8.963,135,class45,0.73,0.365,KEEP,priority+bandwidth_ok
8.963,135,class41,0.496,0.248,DISCARD,low_score
8.963,135,class39,0.488,0.244,DISCARD,low_score
8.963,135,class45,0.255,0.128,DISCARD,low_score
9.031,136,class45,0.761,0.38,KEEP,priority+bandwidth_ok
9.031,136,class45,0.662,0.331,DISCARD,low_score
9.031,136,class41,0.587,0.293,DISCARD,low_score
9.031,136,class39,0.562,0.281,DISCARD,low_score
9.097,137,class45,0.707,0.354,KEEP,priority+bandwidth_ok
9.097,137,class45,0.637,0.319,DISCARD,low_score
9.097,137,class39,0.583,0.292,DISCARD,low_score
9.097,137,class41,0.465,0.232,DISCARD,low_score
9.163,138,class45,0.696,0.348,DISCARD,low_score
9.163,138,class45,0.664,0.332,DISCARD,low_score
9.163,138,class39,0.635,0.318,DISCARD,low_score
9.163,138,class45,0.508,0.254,DISCARD,low_score
9.23,139,class45,0.736,0.368,KEEP,priority+bandwidth_ok
9.23,139,class45,0.693,0.346,DISCARD,low_score
9.23,139,class45,0.669,0.334,DISCARD,low_score
9.23,139,class39,0.598,0.299,DISCARD,low_score
9.23,139,class41,0.432,0.216,DISCARD,low_score
9.297,140,class45,0.683,0.341,DISCARD,low_score
9.297,140,class45,0.681,0.34,DISCARD,low_score
9.297,140,class39,0.615,0.308,DISCARD,low_score
9.297,140,class45,0.376,0.188,DISCARD,low_score
9.297,140,class41,0.359,0.18,DISCARD,low_score
9.297,140,class45,0.342,0.171,DISCARD,low_score
9.297,140,class45,0.275,0.138,DISCARD,low_score
9.366,141,class45,0.698,0.349,DISCARD,low_score
9.366,141,class45,0.641,0.32,DISCARD,low_score
9.366,141,class39,0.556,0.278,DISCARD,low_score
9.366,141,class45,0.459,0.23,DISCARD,low_score
9.366,141,class41,0.398,0.199,DISCARD,low_score
9.366,141,class45,0.263,0.131,DISCARD,low_score
9.433,142,class45,0.701,0.35,KEEP,priority+bandwidth_ok
9.433,142,class45,0.684,0.342,DISCARD,low_score
9.433,142,class39,0.664,0.332,DISCARD,low_score
9.433,142,class45,0.446,0.223,DISCARD,low_score
9.433,142,class45,0.398,0.199,DISCARD,low_score
9.433,142,class45,0.251,0.125,DISCARD,low_score
9.499,143,class45,0.635,0.318,DISCARD,low_score
9.499,143,class45,0.57,0.285,DISCARD,low_score
9.499,143,class39,0.504,0.252,DISCARD,low_score
9.499,143,class45,0.374,0.187,DISCARD,low_score
9.568,144,class45,0.63,0.315,DISCARD,low_score
9.568,144,class39,0.61,0.305,DISCARD,low_score
9.568,144,class45,0.521,0.261,DISCARD,low_score
9.568,144,class45,0.261,0.131,DISCARD,low_score
9.635,145,class45,0.694,0.347,DISCARD,low_score
9.635,145,class39,0.628,0.314,DISCARD,low_score
9.635,145,class45,0.527,0.264,DISCARD,low_score
9.635,145,class41,0.411,0.206,DISCARD,low_score
9.635,145,class45,0.352,0.176,DISCARD,low_score
9.635,145,class45,0.306,0.153,DISCARD,low_score
9.702,146,class45,0.753,0.377,KEEP,priority+bandwidth_ok
9.702,146,class39,0.749,0.375,KEEP,priority+bandwidth_ok
9.702,146,class45,0.617,0.308,DISCARD,low_score
9.702,146,class45,0.342,0.171,DISCARD,low_score
9.702,146,class41,0.342,0.171,DISCARD,low_score
9.702,146,class57,0.296,0.148,DISCARD,low_score
9.768,147,class45,0.746,0.373,KEEP,priority+bandwidth_ok
9.768,147,class39,0.717,0.359,KEEP,priority+bandwidth_ok
9.768,147,class45,0.648,0.324,DISCARD,low_score
9.768,147,class57,0.467,0.233,DISCARD,low_score
9.768,147,class41,0.432,0.216,DISCARD,low_score
9.768,147,class45,0.299,0.15,DISCARD,low_score
9.836,148,class39,0.693,0.346,DISCARD,low_score
9.836,148,class45,0.667,0.334,DISCARD,low_score
9.836,148,class45,0.581,0.291,DISCARD,low_score
9.836,148,class57,0.545,0.272,DISCARD,low_score
9.836,148,class45,0.484,0.242,DISCARD,low_score
9.836,148,class45,0.413,0.207,DISCARD,low_score
9.904,149,class39,0.684,0.342,DISCARD,low_score
9.904,149,class45,0.65,0.325,DISCARD,low_score
9.904,149,class45,0.639,0.319,DISCARD,low_score
9.904,149,class57,0.531,0.266,DISCARD,low_score
9.904,149,class41,0.297,0.149,DISCARD,low_score
9.904,149,class45,0.255,0.128,DISCARD,low_score
9.972,150,class39,0.712,0.356,KEEP,priority+bandwidth_ok
9.972,150,class45,0.704,0.352,KEEP,priority+bandwidth_ok
9.972,150,class45,0.686,0.343,DISCARD,low_score
9.972,150,class45,0.549,0.274,DISCARD,low_score
9.972,150,class57,0.5,0.25,DISCARD,low_score
9.972,150,class45,0.413,0.207,DISCARD,low_score
10.04,151,class45,0.809,0.405,KEEP,priority+bandwidth_ok
10.04,151,class45,0.648,0.324,DISCARD,low_score
10.04,151,class39,0.562,0.281,DISCARD,low_score
10.04,151,class57,0.554,0.277,DISCARD,low_score
10.04,151,class45,0.361,0.181,DISCARD,low_score
10.04,151,class41,0.293,0.146,DISCARD,low_score
10.04,151,class39,0.264,0.132,DISCARD,low_score
10.115,152,class39,0.715,0.358,KEEP,priority+bandwidth_ok
10.115,152,class45,0.711,0.355,KEEP,priority+bandwidth_ok
10.115,152,class45,0.626,0.313,DISCARD,low_score
10.115,152,class57,0.539,0.269,DISCARD,low_score
10.115,152,class45,0.43,0.215,DISCARD,low_score
10.188,153,class45,0.752,0.376,KEEP,priority+bandwidth_ok
10.188,153,class39,0.701,0.35,KEEP,priority+bandwidth_ok
10.188,153,class57,0.646,0.323,DISCARD,low_score
10.188,153,class45,0.644,0.322,DISCARD,low_score
10.188,153,class45,0.317,0.159,DISCARD,low_score
10.188,153,class41,0.264,0.132,DISCARD,low_score
10.255,154,class45,0.693,0.346,DISCARD,low_score
10.255,154,class45,0.66,0.33,DISCARD,low_score
10.255,154,class57,0.579,0.29,DISCARD,low_score
10.255,154,class39,0.527,0.264,DISCARD,low_score
10.255,154,class59,0.518,0.259,DISCARD,low_score
10.255,154,class45,0.413,0.207,DISCARD,low_score
10.255,154,class41,0.354,0.177,DISCARD,low_score
10.255,154,class39,0.266,0.133,DISCARD,low_score
10.322,155,class59,0.706,0.353,KEEP,priority+bandwidth_ok
10.322,155,class45,0.641,0.32,DISCARD,low_score
10.322,155,class39,0.585,0.293,DISCARD,low_score
10.322,155,class45,0.516,0.258,DISCARD,low_score
10.322,155,class45,0.423,0.211,DISCARD,low_score
10.322,155,class57,0.342,0.171,DISCARD,low_score
10.322,155,class41,0.263,0.131,DISCARD,low_score
10.392,156,class59,0.714,0.357,KEEP,priority+bandwidth_ok
10.392,156,class45,0.709,0.355,KEEP,priority+bandwidth_ok
10.392,156,class45,0.679,0.34,DISCARD,low_score
10.392,156,class57,0.581,0.291,DISCARD,low_score
10.392,156,class45,0.558,0.279,DISCARD,low_score
10.392,156,class45,0.549,0.274,DISCARD,low_score
10.392,156,class39,0.547,0.273,DISCARD,low_score
10.392,156,class45,0.294,0.147,DISCARD,low_score
10.459,157,class59,0.819,0.409,KEEP,priority+bandwidth_ok
10.459,157,class45,0.701,0.35,KEEP,priority+bandwidth_ok
10.459,157,class45,0.684,0.342,DISCARD,low_score
10.459,157,class39,0.587,0.293,DISCARD,low_score
10.459,157,class41,0.342,0.171,DISCARD,low_score
10.525,158,class59,0.793,0.397,KEEP,priority+bandwidth_ok
10.525,158,class45,0.74,0.37,KEEP,priority+bandwidth_ok
10.525,158,class39,0.693,0.346,DISCARD,low_score
10.525,158,class45,0.608,0.304,DISCARD,low_score
10.525,158,class41,0.37,0.185,DISCARD,low_score
10.525,158,class45,0.349,0.174,DISCARD,low_score
10.525,158,class45,0.316,0.158,DISCARD,low_score
10.525,158,class39,0.307,0.154,DISCARD,low_score
10.592,159,class45,0.804,0.402,KEEP,priority+bandwidth_ok
10.592,159,class59,0.788,0.394,KEEP,priority+bandwidth_ok
10.592,159,class39,0.688,0.344,DISCARD,low_score
10.592,159,class45,0.533,0.267,DISCARD,low_score
10.592,159,class41,0.326,0.163,DISCARD,low_score
10.659,160,class59,0.796,0.398,KEEP,priority+bandwidth_ok
10.659,160,class45,0.759,0.38,KEEP,priority+bandwidth_ok
10.659,160,class39,0.626,0.313,DISCARD,low_score
10.659,160,class45,0.498,0.249,DISCARD,low_score
10.659,160,class41,0.475,0.237,DISCARD,low_score
10.659,160,class45,0.352,0.176,DISCARD,low_score
10.725,161,class59,0.803,0.402,KEEP,priority+bandwidth_ok
10.725,161,class45,0.773,0.387,KEEP,priority+bandwidth_ok
10.725,161,class45,0.689,0.345,DISCARD,low_score
10.725,161,class39,0.619,0.309,DISCARD,low_score
10.725,161,class57,0.521,0.261,DISCARD,low_score
10.725,161,class41,0.404,0.202,DISCARD,low_score
10.792,162,class59,0.844,0.422,KEEP,priority+bandwidth_ok
10.792,162,class45,0.736,0.368,KEEP,priority+bandwidth_ok
10.792,162,class45,0.704,0.352,KEEP,priority+bandwidth_ok
10.792,162,class39,0.691,0.345,DISCARD,low_score
10.859,163,class59,0.812,0.406,KEEP,priority+bandwidth_ok
10.859,163,class45,0.753,0.377,KEEP,priority+bandwidth_ok
10.859,163,class39,0.632,0.316,DISCARD,low_score
10.859,163,class45,0.628,0.314,DISCARD,low_score
10.859,163,class45,0.457,0.229,DISCARD,low_score
10.859,163,class41,0.404,0.202,DISCARD,low_score
10.859,163,class39,0.304,0.152,DISCARD,low_score
10.859,163,class45,0.293,0.146,DISCARD,low_score
10.926,164,class59,0.835,0.418,KEEP,priority+bandwidth_ok
10.926,164,class39,0.756,0.378,KEEP,priority+bandwidth_ok
10.926,164,class45,0.674,0.337,DISCARD,low_score
10.926,164,class45,0.658,0.329,DISCARD,low_score
10.926,164,class45,0.549,0.274,DISCARD,low_score
10.926,164,class41,0.363,0.181,DISCARD,low_score
10.926,164,class45,0.251,0.125,DISCARD,low_score
10.993,165,class59,0.826,0.413,KEEP,priority+bandwidth_ok
10.993,165,class45,0.745,0.372,KEEP,priority+bandwidth_ok
10.993,165,class45,0.676,0.338,DISCARD,low_score
10.993,165,class41,0.477,0.238,DISCARD,low_score
10.993,165,class39,0.398,0.199,DISCARD,low_score
11.059,166,class59,0.819,0.409,KEEP,priority+bandwidth_ok
11.059,166,class45,0.803,0.402,KEEP,priority+bandwidth_ok
11.059,166,class45,0.66,0.33,DISCARD,low_score
11.059,166,class45,0.484,0.242,DISCARD,low_score
11.059,166,class39,0.467,0.233,DISCARD,low_score
11.059,166,class41,0.442,0.221,DISCARD,low_score
11.059,166,class45,0.302,0.151,DISCARD,low_score
11.126,167,class59,0.772,0.386,KEEP,priority+bandwidth_ok
11.126,167,class45,0.761,0.38,KEEP,priority+bandwidth_ok
11.126,167,class45,0.579,0.29,DISCARD,low_score
11.126,167,class41,0.521,0.261,DISCARD,low_score
11.126,167,class39,0.48,0.24,DISCARD,low_score
11.126,167,class45,0.461,0.231,DISCARD,low_score
11.193,168,class59,0.84,0.42,KEEP,priority+bandwidth_ok
11.193,168,class45,0.807,0.403,KEEP,priority+bandwidth_ok
11.193,168,class45,0.657,0.328,DISCARD,low_score
11.193,168,class39,0.633,0.317,DISCARD,low_score
11.193,168,class41,0.564,0.282,DISCARD,low_score
11.193,168,class45,0.333,0.166,DISCARD,low_score
11.262,169,class59,0.854,0.427,KEEP,priority+bandwidth_ok
11.262,169,class45,0.827,0.413,KEEP,priority+bandwidth_ok
11.262,169,class45,0.646,0.323,DISCARD,low_score
11.262,169,class39,0.615,0.308,DISCARD,low_score
11.262,169,class41,0.404,0.202,DISCARD,low_score
11.262,169,class45,0.285,0.142,DISCARD,low_score
11.262,169,class45,0.263,0.131,DISCARD,low_score
11.328,170,class45,0.854,0.427,KEEP,priority+bandwidth_ok
11.328,170,class59,0.814,0.407,KEEP,priority+bandwidth_ok
11.328,170,class45,0.758,0.379,KEEP,priority+bandwidth_ok
11.328,170,class39,0.66,0.33,DISCARD,low_score
11.328,170,class41,0.484,0.242,DISCARD,low_score
11.395,171,class59,0.822,0.411,KEEP,priority+bandwidth_ok
11.395,171,class45,0.808,0.404,KEEP,priority+bandwidth_ok
11.395,171,class45,0.765,0.382,KEEP,priority+bandwidth_ok
11.395,171,class41,0.686,0.343,DISCARD,low_score
11.395,171,class39,0.585,0.293,DISCARD,low_score
11.395,171,class39,0.37,0.185,DISCARD,low_score
11.461,172,class59,0.862,0.431,KEEP,priority+bandwidth_ok
11.461,172,class45,0.766,0.383,KEEP,priority+bandwidth_ok
11.461,172,class45,0.752,0.376,KEEP,priority+bandwidth_ok
11.461,172,class39,0.595,0.297,DISCARD,low_score
11.461,172,class45,0.361,0.181,DISCARD,low_score
11.461,172,class39,0.277,0.138,DISCARD,low_score
11.528,173,class59,0.823,0.412,KEEP,priority+bandwidth_ok
11.528,173,class45,0.733,0.366,KEEP,priority+bandwidth_ok
11.528,173,class45,0.72,0.36,KEEP,priority+bandwidth_ok
11.528,173,class39,0.677,0.339,DISCARD,low_score
11.528,173,class45,0.311,0.155,DISCARD,low_score
11.594,174,class59,0.768,0.384,KEEP,priority+bandwidth_ok
11.594,174,class45,0.761,0.38,KEEP,priority+bandwidth_ok
11.594,174,class45,0.681,0.34,DISCARD,low_score
11.594,174,class39,0.608,0.304,DISCARD,low_score
11.594,174,class41,0.469,0.234,DISCARD,low_score
11.661,175,class59,0.839,0.419,KEEP,priority+bandwidth_ok
11.661,175,class45,0.833,0.417,KEEP,priority+bandwidth_ok
11.661,175,class45,0.677,0.339,DISCARD,low_score
11.661,175,class39,0.602,0.301,DISCARD,low_score
11.661,175,class41,0.556,0.278,DISCARD,low_score
11.661,175,class45,0.278,0.139,DISCARD,low_score
11.727,176,class45,0.821,0.411,KEEP,priority+bandwidth_ok
11.727,176,class59,0.791,0.395,KEEP,priority+bandwidth_ok
11.727,176,class45,0.674,0.337,DISCARD,low_score
11.727,176,class39,0.564,0.282,DISCARD,low_score
11.727,176,class41,0.309,0.155,DISCARD,low_score
11.727,176,class41,0.294,0.147,DISCARD,low_score
11.794,177,class59,0.797,0.398,KEEP,priority+bandwidth_ok
11.794,177,class45,0.784,0.392,KEEP,priority+bandwidth_ok
11.794,177,class45,0.646,0.323,DISCARD,low_score
11.794,177,class39,0.608,0.304,DISCARD,low_score
11.794,177,class41,0.297,0.149,DISCARD,low_score
11.861,178,class45,0.814,0.407,KEEP,priority+bandwidth_ok
11.861,178,class59,0.81,0.405,KEEP,priority+bandwidth_ok
11.861,178,class45,0.637,0.319,DISCARD,low_score
11.861,178,class39,0.628,0.314,DISCARD,low_score
11.861,178,class41,0.266,0.133,DISCARD,low_score
11.928,179,class45,0.803,0.402,KEEP,priority+bandwidth_ok
11.928,179,class59,0.756,0.378,KEEP,priority+bandwidth_ok
11.928,179,class45,0.704,0.352,KEEP,priority+bandwidth_ok
11.928,179,class39,0.596,0.298,DISCARD,low_score
11.928,179,class41,0.26,0.13,DISCARD,low_score
11.996,180,class59,0.807,0.403,KEEP,priority+bandwidth_ok
11.996,180,class45,0.799,0.4,KEEP,priority+bandwidth_ok
11.996,180,class45,0.684,0.342,DISCARD,low_score
11.996,180,class39,0.572,0.286,DISCARD,low_score
11.996,180,class41,0.37,0.185,DISCARD,low_score
11.996,180,class41,0.297,0.149,DISCARD,low_score
12.063,181,class45,0.804,0.402,KEEP,priority+bandwidth_ok
12.063,181,class59,0.788,0.394,KEEP,priority+bandwidth_ok
12.063,181,class45,0.671,0.335,DISCARD,low_score
12.063,181,class39,0.533,0.267,DISCARD,low_score
12.063,181,class41,0.363,0.181,DISCARD,low_score
12.063,181,class41,0.329,0.165,DISCARD,low_score
12.132,182,class45,0.799,0.4,KEEP,priority+bandwidth_ok
12.132,182,class59,0.759,0.38,KEEP,priority+bandwidth_ok
12.132,182,class39,0.739,0.369,KEEP,priority+bandwidth_ok
12.132,182,class45,0.711,0.355,KEEP,priority+bandwidth_ok
12.132,182,class41,0.407,0.204,DISCARD,low_score
12.132,182,class45,0.307,0.154,DISCARD,low_score
12.132,182,class41,0.285,0.142,DISCARD,low_score
12.2,183,class45,0.743,0.372,KEEP,priority+bandwidth_ok
12.2,183,class45,0.725,0.362,KEEP,priority+bandwidth_ok
12.2,183,class59,0.669,0.334,DISCARD,low_score
12.2,183,class39,0.566,0.283,DISCARD,low_score
12.2,183,class41,0.432,0.216,DISCARD,low_score
12.2,183,class57,0.371,0.186,DISCARD,low_score
12.267,184,class45,0.816,0.408,KEEP,priority+bandwidth_ok
12.267,184,class45,0.809,0.405,KEEP,priority+bandwidth_ok
12.267,184,class59,0.746,0.373,KEEP,priority+bandwidth_ok
12.267,184,class39,0.734,0.367,KEEP,priority+bandwidth_ok
12.267,184,class45,0.34,0.17,DISCARD,low_score
12.267,184,class41,0.264,0.132,DISCARD,low_score
12.334,185,class45,0.81,0.405,KEEP,priority+bandwidth_ok
12.334,185,class45,0.804,0.402,KEEP,priority+bandwidth_ok
12.334,185,class59,0.671,0.335,DISCARD,low_score
12.334,185,class41,0.554,0.277,DISCARD,low_score
12.334,185,class39,0.543,0.271,DISCARD,low_score
12.334,185,class57,0.337,0.169,DISCARD,low_score
12.402,186,class45,0.807,0.403,KEEP,priority+bandwidth_ok
12.402,186,class45,0.694,0.347,DISCARD,low_score
12.402,186,class59,0.653,0.327,DISCARD,low_score
12.402,186,class57,0.556,0.278,DISCARD,low_score
12.402,186,class39,0.479,0.239,DISCARD,low_score
12.402,186,class45,0.361,0.181,DISCARD,low_score
12.469,187,class57,0.756,0.378,KEEP,priority+bandwidth_ok
12.469,187,class45,0.751,0.375,KEEP,priority+bandwidth_ok
12.469,187,class45,0.65,0.325,DISCARD,low_score
12.469,187,class39,0.5,0.25,DISCARD,low_score
12.469,187,class45,0.392,0.196,DISCARD,low_score
12.469,187,class41,0.331,0.166,DISCARD,low_score
12.469,187,class45,0.311,0.155,DISCARD,low_score
12.536,188,class59,0.733,0.366,KEEP,priority+bandwidth_ok
12.536,188,class45,0.728,0.364,KEEP,priority+bandwidth_ok
12.536,188,class39,0.679,0.34,DISCARD,low_score
12.536,188,class45,0.596,0.298,DISCARD,low_score
12.536,188,class57,0.484,0.242,DISCARD,low_score
12.602,189,class45,0.797,0.398,KEEP,priority+bandwidth_ok
12.602,189,class45,0.728,0.364,KEEP,priority+bandwidth_ok
12.602,189,class59,0.648,0.324,DISCARD,low_score
12.602,189,class39,0.564,0.282,DISCARD,low_score
12.602,189,class57,0.438,0.219,DISCARD,low_score
12.602,189,class41,0.277,0.138,DISCARD,low_score
12.602,189,class16,0.257,0.128,DISCARD,low_score
12.669,190,class45,0.806,0.403,KEEP,priority+bandwidth_ok
12.669,190,class59,0.794,0.397,KEEP,priority+bandwidth_ok
12.669,190,class39,0.693,0.346,DISCARD,low_score
12.669,190,class45,0.628,0.314,DISCARD,low_score
12.735,191,class45,0.802,0.401,KEEP,priority+bandwidth_ok
12.735,191,class59,0.787,0.393,KEEP,priority+bandwidth_ok
12.735,191,class45,0.72,0.36,KEEP,priority+bandwidth_ok
12.735,191,class39,0.674,0.337,DISCARD,low_score
12.735,191,class41,0.529,0.265,DISCARD,low_score
12.735,191,class16,0.37,0.185,DISCARD,low_score
12.735,191,class57,0.345,0.173,DISCARD,low_score
12.735,191,class45,0.264,0.132,DISCARD,low_score
12.802,192,class59,0.844,0.422,KEEP,priority+bandwidth_ok
12.802,192,class45,0.715,0.358,KEEP,priority+bandwidth_ok
12.802,192,class45,0.615,0.308,DISCARD,low_score
12.802,192,class39,0.52,0.26,DISCARD,low_score
12.802,192,class41,0.512,0.256,DISCARD,low_score
12.802,192,class45,0.426,0.213,DISCARD,low_score
12.802,192,class16,0.291,0.145,DISCARD,low_score
12.869,193,class59,0.85,0.425,KEEP,priority+bandwidth_ok
12.869,193,class39,0.558,0.279,DISCARD,low_score
12.869,193,class45,0.52,0.26,DISCARD,low_score
12.869,193,class45,0.389,0.194,DISCARD,low_score
12.937,194,class57,0.756,0.378,KEEP,priority+bandwidth_ok
12.937,194,class59,0.679,0.34,DISCARD,low_score
12.937,194,class39,0.407,0.204,DISCARD,low_score
12.937,194,class45,0.314,0.157,DISCARD,low_score
13.004,195,class57,0.854,0.427,KEEP,priority+bandwidth_ok
13.004,195,class45,0.628,0.314,DISCARD,low_score
13.004,195,class59,0.505,0.252,DISCARD,low_score
13.004,195,class45,0.498,0.249,DISCARD,low_score
13.004,195,class39,0.409,0.205,DISCARD,low_score
13.004,195,class41,0.277,0.138,DISCARD,low_score
13.07,196,class45,0.81,0.405,KEEP,priority+bandwidth_ok
13.07,196,class59,0.703,0.351,KEEP,priority+bandwidth_ok
13.07,196,class57,0.679,0.34,DISCARD,low_score
13.07,196,class45,0.549,0.274,DISCARD,low_score
13.07,196,class39,0.512,0.256,DISCARD,low_score
13.07,196,class41,0.383,0.192,DISCARD,low_score
13.137,197,class59,0.802,0.401,KEEP,priority+bandwidth_ok
13.137,197,class45,0.777,0.389,KEEP,priority+bandwidth_ok
13.137,197,class41,0.667,0.334,DISCARD,low_score
13.137,197,class45,0.624,0.312,DISCARD,low_score
13.137,197,class45,0.311,0.155,DISCARD,low_score
13.137,197,class56,0.254,0.127,DISCARD,low_score
13.204,198,class59,0.857,0.428,KEEP,priority+bandwidth_ok
13.204,198,class45,0.843,0.421,KEEP,priority+bandwidth_ok
13.204,198,class45,0.624,0.312,DISCARD,low_score
13.204,198,class41,0.329,0.165,DISCARD,low_score
13.271,199,class59,0.86,0.43,KEEP,priority+bandwidth_ok
13.271,199,class45,0.766,0.383,KEEP,priority+bandwidth_ok
13.271,199,class45,0.467,0.233,DISCARD,low_score
13.271,199,class41,0.316,0.158,DISCARD,low_score
13.337,200,class59,0.887,0.444,KEEP,priority+bandwidth_ok
13.337,200,class45,0.733,0.366,KEEP,priority+bandwidth_ok
13.337,200,class45,0.521,0.261,DISCARD,low_score
13.402,201,class59,0.879,0.44,KEEP,priority+bandwidth_ok
13.402,201,class45,0.763,0.382,KEEP,priority+bandwidth_ok
13.402,201,class45,0.56,0.28,DISCARD,low_score
13.47,202,class59,0.851,0.425,KEEP,priority+bandwidth_ok
13.47,202,class45,0.688,0.344,DISCARD,low_score
13.47,202,class45,0.626,0.313,DISCARD,low_score
13.47,202,class45,0.374,0.187,DISCARD,low_score
13.47,202,class16,0.258,0.129,DISCARD,low_score
13.536,203,class45,0.752,0.376,KEEP,priority+bandwidth_ok
13.536,203,class59,0.722,0.361,KEEP,priority+bandwidth_ok
13.536,203,class45,0.658,0.329,DISCARD,low_score
13.602,204,class45,0.633,0.317,DISCARD,low_score
13.602,204,class59,0.614,0.307,DISCARD,low_score
13.602,204,class45,0.494,0.247,DISCARD,low_score
13.668,205,class59,0.745,0.372,KEEP,priority+bandwidth_ok
13.668,205,class45,0.723,0.362,KEEP,priority+bandwidth_ok
13.668,205,class45,0.628,0.314,DISCARD,low_score
13.668,205,class41,0.296,0.148,DISCARD,low_score
13.668,205,class41,0.267,0.134,DISCARD,low_score
13.734,206,class59,0.797,0.398,KEEP,priority+bandwidth_ok
13.734,206,class45,0.758,0.379,KEEP,priority+bandwidth_ok
13.734,206,class45,0.514,0.257,DISCARD,low_score
13.734,206,class16,0.392,0.196,DISCARD,low_score
13.801,207,class45,0.745,0.372,KEEP,priority+bandwidth_ok
13.801,207,class59,0.681,0.34,DISCARD,low_score
13.801,207,class45,0.587,0.293,DISCARD,low_score
13.801,207,class16,0.276,0.138,DISCARD,low_score
13.801,207,class60,0.269,0.134,DISCARD,low_score
13.801,207,class73,0.252,0.126,DISCARD,low_score
13.868,208,class59,0.671,0.335,DISCARD,low_score
13.868,208,class45,0.662,0.331,DISCARD,low_score
13.868,208,class45,0.457,0.229,DISCARD,low_score
13.934,209,class45,0.494,0.247,DISCARD,low_score
13.934,209,class45,0.385,0.192,DISCARD,low_score
13.934,209,class59,0.318,0.159,DISCARD,low_score
14.0,210,class45,0.761,0.38,KEEP,priority+bandwidth_ok
14.0,210,class59,0.698,0.349,DISCARD,low_score
14.0,210,class45,0.566,0.283,DISCARD,low_score
14.0,210,class60,0.272,0.136,DISCARD,low_score
14.067,211,class45,0.606,0.303,DISCARD,low_score
14.067,211,class45,0.541,0.27,DISCARD,low_score
14.067,211,class59,0.35,0.175,DISCARD,low_score
14.067,211,class60,0.349,0.174,DISCARD,low_score
14.135,212,class59,0.746,0.373,KEEP,priority+bandwidth_ok
14.135,212,class45,0.679,0.34,DISCARD,low_score
14.135,212,class45,0.591,0.295,DISCARD,low_score
14.135,212,class60,0.335,0.167,DISCARD,low_score
14.201,213,class59,0.655,0.327,DISCARD,low_score
14.201,213,class45,0.633,0.317,DISCARD,low_score
14.201,213,class45,0.574,0.287,DISCARD,low_score
14.201,213,class60,0.255,0.128,DISCARD,low_score
14.268,214,class45,0.78,0.39,KEEP,priority+bandwidth_ok
14.268,214,class59,0.707,0.354,KEEP,priority+bandwidth_ok
14.268,214,class45,0.593,0.296,DISCARD,low_score
14.268,214,class60,0.305,0.152,DISCARD,low_score
14.268,214,class45,0.251,0.125,DISCARD,low_score
14.335,215,class59,0.632,0.316,DISCARD,low_score
14.335,215,class45,0.402,0.201,DISCARD,low_score
14.335,215,class45,0.329,0.165,DISCARD,low_score
14.402,216,class59,0.804,0.402,KEEP,priority+bandwidth_ok
14.402,216,class45,0.554,0.277,DISCARD,low_score
14.402,216,class60,0.31,0.155,DISCARD,low_score
14.402,216,class45,0.309,0.155,DISCARD,low_score
14.402,216,class45,0.306,0.153,DISCARD,low_score
14.469,217,class59,0.812,0.406,KEEP,priority+bandwidth_ok
14.469,217,class45,0.613,0.307,DISCARD,low_score
14.469,217,class56,0.52,0.26,DISCARD,low_score
14.469,217,class45,0.494,0.247,DISCARD,low_score
14.469,217,class41,0.436,0.218,DISCARD,low_score
14.469,217,class60,0.362,0.181,DISCARD,low_score
14.536,218,class59,0.595,0.297,DISCARD,low_score
14.536,218,class45,0.579,0.29,DISCARD,low_score
14.536,218,class45,0.504,0.252,DISCARD,low_score
14.536,218,class56,0.457,0.229,DISCARD,low_score
14.536,218,class60,0.431,0.216,DISCARD,low_score
14.536,218,class16,0.419,0.209,DISCARD,low_score
14.536,218,class41,0.309,0.155,DISCARD,low_score
14.602,219,class59,0.816,0.408,KEEP,priority+bandwidth_ok
14.602,219,class45,0.572,0.286,DISCARD,low_score
14.602,219,class56,0.558,0.279,DISCARD,low_score
14.602,219,class60,0.505,0.252,DISCARD,low_score
14.602,219,class60,0.269,0.134,DISCARD,low_score
14.671,220,class59,0.854,0.427,KEEP,priority+bandwidth_ok
14.671,220,class45,0.667,0.334,DISCARD,low_score
14.671,220,class56,0.475,0.237,DISCARD,low_score
14.671,220,class60,0.455,0.228,DISCARD,low_score
14.737,221,class59,0.753,0.377,KEEP,priority+bandwidth_ok
14.737,221,class45,0.562,0.281,DISCARD,low_score
14.737,221,class56,0.409,0.205,DISCARD,low_score
14.737,221,class60,0.375,0.187,DISCARD,low_score
14.803,222,class59,0.602,0.301,DISCARD,low_score
14.803,222,class45,0.494,0.247,DISCARD,low_score
14.803,222,class45,0.381,0.191,DISCARD,low_score
14.803,222,class56,0.367,0.184,DISCARD,low_score
14.803,222,class60,0.329,0.164,DISCARD,low_score
14.871,223,class59,0.698,0.349,DISCARD,low_score
14.871,223,class56,0.689,0.345,DISCARD,low_score
14.871,223,class45,0.453,0.227,DISCARD,low_score
14.871,223,class16,0.379,0.19,DISCARD,low_score
14.871,223,class60,0.379,0.19,DISCARD,low_score
14.937,224,class56,0.626,0.313,DISCARD,low_score
14.937,224,class45,0.488,0.244,DISCARD,low_score
14.937,224,class60,0.376,0.188,DISCARD,low_score
15.004,225,class56,0.593,0.296,DISCARD,low_score
15.004,225,class45,0.539,0.269,DISCARD,low_score
15.004,225,class59,0.277,0.138,DISCARD,low_score
15.004,225,class41,0.269,0.134,DISCARD,low_score
15.07,226,class59,0.677,0.339,DISCARD,low_score
15.07,226,class56,0.486,0.243,DISCARD,low_score
15.07,226,class41,0.383,0.192,DISCARD,low_score
15.07,226,class60,0.257,0.128,DISCARD,low_score
15.137,227,class59,0.61,0.305,DISCARD,low_score
15.137,227,class56,0.357,0.178,DISCARD,low_score
15.137,227,class16,0.352,0.176,DISCARD,low_score
15.137,227,class60,0.303,0.152,DISCARD,low_score
15.137,227,class45,0.27,0.135,DISCARD,low_score
15.208,228,class60,0.384,0.192,DISCARD,low_score
15.208,228,class56,0.329,0.164,DISCARD,low_score
15.208,228,class45,0.309,0.155,DISCARD,low_score
15.274,229,class56,0.57,0.285,DISCARD,low_score
15.274,229,class59,0.554,0.277,DISCARD,low_score
15.274,229,class45,0.504,0.252,DISCARD,low_score
15.274,229,class60,0.338,0.169,DISCARD,low_score
15.34,230,class56,0.677,0.339,DISCARD,low_score
15.34,230,class59,0.442,0.221,DISCARD,low_score
15.34,230,class45,0.43,0.215,DISCARD,low_score
15.34,230,class60,0.264,0.132,DISCARD,low_score
15.406,231,class56,0.707,0.354,KEEP,priority+bandwidth_ok
15.406,231,class56,0.651,0.326,DISCARD,low_score
15.406,231,class45,0.479,0.239,DISCARD,low_score
15.406,231,class59,0.479,0.239,DISCARD,low_score
15.406,231,class60,0.366,0.183,DISCARD,low_score
15.406,231,class16,0.312,0.156,DISCARD,low_score
15.473,232,class59,0.541,0.27,DISCARD,low_score
15.473,232,class56,0.494,0.247,DISCARD,low_score
15.473,232,class56,0.401,0.2,DISCARD,low_score
15.473,232,class45,0.345,0.173,DISCARD,low_score
15.54,233,class56,0.488,0.244,DISCARD,low_score
15.54,233,class56,0.378,0.189,DISCARD,low_score
15.54,233,class59,0.377,0.188,DISCARD,low_score
15.54,233,class60,0.288,0.144,DISCARD,low_score
15.606,234,class59,0.466,0.233,DISCARD,low_score
15.606,234,class56,0.358,0.179,DISCARD,low_score
15.606,234,class56,0.35,0.175,DISCARD,low_score
15.606,234,class45,0.307,0.154,DISCARD,low_score
15.606,234,class59,0.266,0.133,DISCARD,low_score
15.673,235,class59,0.677,0.339,DISCARD,low_score
15.673,235,class56,0.508,0.254,DISCARD,low_score
15.673,235,class45,0.426,0.213,DISCARD,low_score
15.673,235,class56,0.315,0.157,DISCARD,low_score
15.739,236,class59,0.689,0.345,DISCARD,low_score
15.739,236,class56,0.615,0.308,DISCARD,low_score
15.739,236,class56,0.564,0.282,DISCARD,low_score
15.739,236,class45,0.498,0.249,DISCARD,low_score
15.806,237,class45,0.785,0.393,KEEP,priority+bandwidth_ok
15.806,237,class59,0.772,0.386,KEEP,priority+bandwidth_ok
15.806,237,class56,0.63,0.315,DISCARD,low_score
15.806,237,class56,0.486,0.243,DISCARD,low_score
15.806,237,class16,0.415,0.207,DISCARD,low_score
15.872,238,class59,0.765,0.382,KEEP,priority+bandwidth_ok
15.872,238,class45,0.604,0.302,DISCARD,low_score
15.872,238,class56,0.529,0.265,DISCARD,low_score
15.872,238,class16,0.506,0.253,DISCARD,low_score
15.872,238,class56,0.405,0.203,DISCARD,low_score
15.938,239,class59,0.694,0.347,DISCARD,low_score
15.938,239,class56,0.63,0.315,DISCARD,low_score
15.938,239,class45,0.551,0.275,DISCARD,low_score
15.938,239,class16,0.376,0.188,DISCARD,low_score
16.005,240,class59,0.476,0.238,DISCARD,low_score
16.005,240,class56,0.303,0.152,DISCARD,low_score
16.072,241,class56,0.449,0.225,DISCARD,low_score
16.072,241,class59,0.348,0.174,DISCARD,low_score
16.142,242,class59,0.453,0.227,DISCARD,low_score
16.142,242,class56,0.341,0.17,DISCARD,low_score
16.207,243,class59,0.736,0.368,KEEP,priority+bandwidth_ok
16.274,244,class59,0.822,0.411,KEEP,priority+bandwidth_ok
16.274,244,class41,0.385,0.192,DISCARD,low_score
16.341,245,class59,0.667,0.334,DISCARD,low_score
16.409,246,class59,0.731,0.366,KEEP,priority+bandwidth_ok
16.476,247,class59,0.806,0.403,KEEP,priority+bandwidth_ok
16.541,248,class59,0.848,0.424,KEEP,priority+bandwidth_ok
16.607,249,class59,0.818,0.409,KEEP,priority+bandwidth_ok
16.674,250,class59,0.779,0.389,KEEP,priority+bandwidth_ok
16.674,250,class15,0.27,0.135,DISCARD,low_score
16.742,251,class59,0.65,0.325,DISCARD,low_score
16.808,252,class59,0.749,0.375,KEEP,priority+bandwidth_ok
16.875,253,class59,0.73,0.365,KEEP,priority+bandwidth_ok
16.875,253,class16,0.316,0.158,DISCARD,low_score
16.944,254,class59,0.669,0.334,DISCARD,low_score
17.01,255,class45,0.772,0.386,KEEP,priority+bandwidth_ok
17.01,255,class45,0.419,0.209,DISCARD,low_score
17.01,255,class59,0.411,0.206,DISCARD,low_score
17.01,255,class57,0.29,0.145,DISCARD,low_score
17.077,256,class45,0.783,0.391,KEEP,priority+bandwidth_ok
17.077,256,class45,0.761,0.38,KEEP,priority+bandwidth_ok
17.077,256,class59,0.676,0.338,DISCARD,low_score
17.077,256,class57,0.447,0.224,DISCARD,low_score
17.077,256,class60,0.277,0.138,DISCARD,low_score
17.077,256,class41,0.264,0.132,DISCARD,low_score
17.145,257,class45,0.781,0.391,KEEP,priority+bandwidth_ok
17.145,257,class59,0.749,0.375,KEEP,priority+bandwidth_ok
17.145,257,class45,0.633,0.317,DISCARD,low_score
17.145,257,class16,0.415,0.207,DISCARD,low_score
17.212,258,class45,0.789,0.395,KEEP,priority+bandwidth_ok
17.212,258,class59,0.72,0.36,KEEP,priority+bandwidth_ok
17.212,258,class45,0.591,0.295,DISCARD,low_score
17.212,258,class57,0.543,0.271,DISCARD,low_score
17.212,258,class41,0.465,0.232,DISCARD,low_score
17.212,258,class16,0.254,0.127,DISCARD,low_score
17.279,259,class45,0.809,0.405,KEEP,priority+bandwidth_ok
17.279,259,class59,0.801,0.4,KEEP,priority+bandwidth_ok
17.279,259,class45,0.611,0.306,DISCARD,low_score
17.279,259,class41,0.417,0.208,DISCARD,low_score
17.279,259,class57,0.287,0.143,DISCARD,low_score
17.346,260,class59,0.87,0.435,KEEP,priority+bandwidth_ok
17.346,260,class45,0.756,0.378,KEEP,priority+bandwidth_ok
17.346,260,class45,0.595,0.297,DISCARD,low_score
17.346,260,class57,0.547,0.273,DISCARD,low_score
17.346,260,class45,0.319,0.16,DISCARD,low_score
17.346,260,class41,0.312,0.156,DISCARD,low_score
17.414,261,class59,0.804,0.402,KEEP,priority+bandwidth_ok
17.414,261,class45,0.753,0.377,KEEP,priority+bandwidth_ok
17.414,261,class45,0.749,0.375,KEEP,priority+bandwidth_ok
17.414,261,class41,0.394,0.197,DISCARD,low_score
17.414,261,class41,0.352,0.176,DISCARD,low_score
17.481,262,class59,0.862,0.431,KEEP,priority+bandwidth_ok
17.481,262,class45,0.838,0.419,KEEP,priority+bandwidth_ok
17.481,262,class45,0.658,0.329,DISCARD,low_score
17.481,262,class16,0.309,0.155,DISCARD,low_score
17.481,262,class45,0.285,0.142,DISCARD,low_score
17.548,263,class45,0.86,0.43,KEEP,priority+bandwidth_ok
17.548,263,class59,0.84,0.42,KEEP,priority+bandwidth_ok
17.548,263,class45,0.608,0.304,DISCARD,low_score
17.548,263,class16,0.258,0.129,DISCARD,low_score
17.615,264,class59,0.834,0.417,KEEP,priority+bandwidth_ok
17.615,264,class45,0.821,0.411,KEEP,priority+bandwidth_ok
17.615,264,class45,0.657,0.328,DISCARD,low_score
17.683,265,class59,0.866,0.433,KEEP,priority+bandwidth_ok
17.683,265,class45,0.789,0.395,KEEP,priority+bandwidth_ok
17.683,265,class45,0.619,0.309,DISCARD,low_score
17.683,265,class73,0.28,0.14,DISCARD,low_score
17.749,266,class59,0.819,0.409,KEEP,priority+bandwidth_ok
17.749,266,class45,0.779,0.389,KEEP,priority+bandwidth_ok
17.749,266,class45,0.73,0.365,KEEP,priority+bandwidth_ok
17.816,267,class59,0.828,0.414,KEEP,priority+bandwidth_ok
17.816,267,class45,0.772,0.386,KEEP,priority+bandwidth_ok
17.816,267,class45,0.651,0.326,DISCARD,low_score
17.883,268,class59,0.849,0.424,KEEP,priority+bandwidth_ok
17.883,268,class45,0.787,0.393,KEEP,priority+bandwidth_ok
17.883,268,class45,0.664,0.332,DISCARD,low_score
17.949,269,class59,0.878,0.439,KEEP,priority+bandwidth_ok
17.949,269,class45,0.681,0.34,DISCARD,low_score
17.949,269,class45,0.579,0.29,DISCARD,low_score
17.949,269,class57,0.274,0.137,DISCARD,low_score
18.018,270,class59,0.743,0.372,KEEP,priority+bandwidth_ok
18.018,270,class57,0.508,0.254,DISCARD,low_score
18.018,270,class45,0.396,0.198,DISCARD,low_score
18.018,270,class45,0.294,0.147,DISCARD,low_score
18.088,271,class59,0.777,0.389,KEEP,priority+bandwidth_ok
18.088,271,class45,0.356,0.178,DISCARD,low_score
18.088,271,class45,0.281,0.141,DISCARD,low_score
18.157,272,class59,0.891,0.446,KEEP,priority+bandwidth_ok
18.157,272,class45,0.477,0.238,DISCARD,low_score
18.157,272,class45,0.453,0.227,DISCARD,low_score
18.225,273,class59,0.909,0.454,KEEP,priority+bandwidth_ok
18.225,273,class45,0.336,0.168,DISCARD,low_score
18.225,273,class45,0.304,0.152,DISCARD,low_score
18.292,274,class59,0.85,0.425,KEEP,priority+bandwidth_ok
18.292,274,class45,0.361,0.181,DISCARD,low_score
18.292,274,class45,0.266,0.133,DISCARD,low_score
18.292,274,class73,0.251,0.125,DISCARD,low_score
18.359,275,class59,0.905,0.453,KEEP,priority+bandwidth_ok
18.359,275,class45,0.411,0.206,DISCARD,low_score
18.359,275,class45,0.385,0.192,DISCARD,low_score
18.427,276,class59,0.893,0.447,KEEP,priority+bandwidth_ok
18.427,276,class45,0.407,0.204,DISCARD,low_score
18.427,276,class57,0.367,0.183,DISCARD,low_score
18.427,276,class45,0.307,0.154,DISCARD,low_score
18.493,277,class59,0.865,0.433,KEEP,priority+bandwidth_ok
18.493,277,class57,0.57,0.285,DISCARD,low_score
18.493,277,class45,0.444,0.222,DISCARD,low_score
18.493,277,class45,0.434,0.217,DISCARD,low_score
18.56,278,class59,0.812,0.406,KEEP,priority+bandwidth_ok
18.56,278,class57,0.514,0.257,DISCARD,low_score
18.56,278,class45,0.461,0.231,DISCARD,low_score
18.56,278,class45,0.44,0.22,DISCARD,low_score
18.56,278,class16,0.293,0.147,DISCARD,low_score
18.626,279,class59,0.821,0.411,KEEP,priority+bandwidth_ok
18.626,279,class57,0.496,0.248,DISCARD,low_score
18.626,279,class15,0.394,0.197,DISCARD,low_score
18.626,279,class16,0.317,0.159,DISCARD,low_score
18.626,279,class45,0.316,0.158,DISCARD,low_score
18.693,280,class59,0.804,0.402,KEEP,priority+bandwidth_ok
18.693,280,class16,0.432,0.216,DISCARD,low_score
18.693,280,class57,0.368,0.184,DISCARD,low_score
18.693,280,class45,0.311,0.155,DISCARD,low_score
18.759,281,class59,0.793,0.397,KEEP,priority+bandwidth_ok
18.759,281,class16,0.451,0.226,DISCARD,low_score
18.759,281,class15,0.405,0.203,DISCARD,low_score
18.825,282,class59,0.814,0.407,KEEP,priority+bandwidth_ok
18.825,282,class16,0.488,0.244,DISCARD,low_score
18.825,282,class45,0.417,0.208,DISCARD,low_score
18.892,283,class59,0.85,0.425,KEEP,priority+bandwidth_ok
18.892,283,class15,0.432,0.216,DISCARD,low_score
18.892,283,class45,0.264,0.132,DISCARD,low_score
18.958,284,class59,0.843,0.421,KEEP,priority+bandwidth_ok
18.958,284,class15,0.502,0.251,DISCARD,low_score
18.958,284,class57,0.446,0.223,DISCARD,low_score
18.958,284,class45,0.285,0.142,DISCARD,low_score
18.958,284,class73,0.257,0.128,DISCARD,low_score
19.024,285,class59,0.854,0.427,KEEP,priority+bandwidth_ok
19.024,285,class15,0.564,0.282,DISCARD,low_score
19.024,285,class73,0.304,0.152,DISCARD,low_score
19.024,285,class45,0.263,0.131,DISCARD,low_score
19.09,286,class59,0.843,0.421,KEEP,priority+bandwidth_ok
19.09,286,class16,0.329,0.164,DISCARD,low_score
19.09,286,class73,0.319,0.16,DISCARD,low_score
19.09,286,class15,0.27,0.135,DISCARD,low_score
19.157,287,class59,0.873,0.437,KEEP,priority+bandwidth_ok
19.157,287,class45,0.449,0.225,DISCARD,low_score
19.157,287,class15,0.389,0.194,DISCARD,low_score
19.157,287,class73,0.254,0.127,DISCARD,low_score
19.223,288,class59,0.893,0.447,KEEP,priority+bandwidth_ok
19.223,288,class45,0.494,0.247,DISCARD,low_score
19.223,288,class16,0.255,0.128,DISCARD,low_score
19.289,289,class59,0.891,0.446,KEEP,priority+bandwidth_ok
19.289,289,class16,0.392,0.196,DISCARD,low_score
19.289,289,class45,0.374,0.187,DISCARD,low_score
19.289,289,class15,0.329,0.165,DISCARD,low_score
19.355,290,class59,0.888,0.444,KEEP,priority+bandwidth_ok
19.355,290,class16,0.359,0.18,DISCARD,low_score
19.355,290,class15,0.351,0.176,DISCARD,low_score
19.355,290,class45,0.345,0.173,DISCARD,low_score
19.421,291,class59,0.881,0.44,KEEP,priority+bandwidth_ok
19.421,291,class16,0.35,0.175,DISCARD,low_score
19.421,291,class15,0.286,0.143,DISCARD,low_score
19.487,292,class59,0.88,0.44,KEEP,priority+bandwidth_ok
19.487,292,class16,0.506,0.253,DISCARD,low_score
19.553,293,class59,0.865,0.433,KEEP,priority+bandwidth_ok
19.553,293,class16,0.525,0.263,DISCARD,low_score
19.619,294,class59,0.884,0.442,KEEP,priority+bandwidth_ok
19.619,294,class16,0.633,0.317,DISCARD,low_score
19.684,295,class59,0.854,0.427,KEEP,priority+bandwidth_ok
19.684,295,class16,0.642,0.321,DISCARD,low_score
19.75,296,class59,0.868,0.434,KEEP,priority+bandwidth_ok
19.75,296,class16,0.65,0.325,DISCARD,low_score
19.75,296,class73,0.316,0.158,DISCARD,low_score
19.818,297,class59,0.875,0.437,KEEP,priority+bandwidth_ok
19.818,297,class16,0.585,0.293,DISCARD,low_score
19.884,298,class59,0.888,0.444,KEEP,priority+bandwidth_ok
19.884,298,class16,0.43,0.215,DISCARD,low_score
19.884,298,class73,0.26,0.13,DISCARD,low_score
19.95,299,class59,0.918,0.459,KEEP,priority+bandwidth_ok
19.95,299,class16,0.419,0.209,DISCARD,low_score
19.95,299,class15,0.304,0.152,DISCARD,low_score
20.016,300,class59,0.916,0.458,KEEP,priority+bandwidth_ok
20.016,300,class16,0.648,0.324,DISCARD,low_score
20.082,301,class59,0.895,0.447,KEEP,priority+bandwidth_ok
20.082,301,class16,0.348,0.174,DISCARD,low_score
20.148,302,class59,0.885,0.442,KEEP,priority+bandwidth_ok
20.148,302,class16,0.453,0.227,DISCARD,low_score
20.224,303,class59,0.899,0.45,KEEP,priority+bandwidth_ok
20.224,303,class16,0.488,0.244,DISCARD,low_score
20.224,303,class73,0.257,0.128,DISCARD,low_score
20.29,304,class59,0.891,0.446,KEEP,priority+bandwidth_ok
20.29,304,class16,0.498,0.249,DISCARD,low_score
20.355,305,class59,0.868,0.434,KEEP,priority+bandwidth_ok
20.355,305,class16,0.465,0.232,DISCARD,low_score
20.355,305,class73,0.294,0.147,DISCARD,low_score
20.427,306,class59,0.87,0.435,KEEP,priority+bandwidth_ok
20.427,306,class16,0.698,0.349,DISCARD,low_score
20.427,306,class57,0.421,0.21,DISCARD,low_score
20.427,306,class60,0.288,0.144,DISCARD,low_score
20.493,307,class59,0.879,0.44,KEEP,priority+bandwidth_ok
20.493,307,class16,0.715,0.358,KEEP,priority+bandwidth_ok
20.493,307,class60,0.297,0.149,DISCARD,low_score
20.559,308,class59,0.887,0.444,KEEP,priority+bandwidth_ok
20.559,308,class16,0.725,0.362,KEEP,priority+bandwidth_ok
20.559,308,class60,0.359,0.18,DISCARD,low_score
20.625,309,class59,0.851,0.425,KEEP,priority+bandwidth_ok
20.625,309,class16,0.803,0.402,KEEP,priority+bandwidth_ok
20.691,310,class59,0.885,0.442,KEEP,priority+bandwidth_ok
20.691,310,class16,0.808,0.404,KEEP,priority+bandwidth_ok
20.691,310,class60,0.256,0.128,DISCARD,low_score
20.757,311,class59,0.885,0.442,KEEP,priority+bandwidth_ok
20.757,311,class16,0.784,0.392,KEEP,priority+bandwidth_ok
20.757,311,class60,0.357,0.178,DISCARD,low_score
20.823,312,class59,0.878,0.439,KEEP,priority+bandwidth_ok
20.823,312,class16,0.826,0.413,KEEP,priority+bandwidth_ok
20.889,313,class59,0.883,0.442,KEEP,priority+bandwidth_ok
20.889,313,class16,0.808,0.404,KEEP,priority+bandwidth_ok
20.889,313,class60,0.307,0.154,DISCARD,low_score
20.955,314,class59,0.871,0.435,KEEP,priority+bandwidth_ok
20.955,314,class16,0.789,0.395,KEEP,priority+bandwidth_ok
20.955,314,class60,0.307,0.154,DISCARD,low_score
21.021,315,class59,0.761,0.38,KEEP,priority+bandwidth_ok
21.021,315,class16,0.696,0.348,DISCARD,low_score
21.087,316,class59,0.709,0.355,KEEP,priority+bandwidth_ok
21.087,316,class16,0.665,0.333,DISCARD,low_score
21.087,316,class60,0.31,0.155,DISCARD,low_score
21.153,317,class16,0.812,0.406,KEEP,priority+bandwidth_ok
21.153,317,class59,0.783,0.391,KEEP,priority+bandwidth_ok
21.153,317,class60,0.33,0.165,DISCARD,low_score
21.219,318,class16,0.874,0.437,KEEP,priority+bandwidth_ok
21.219,318,class59,0.796,0.398,KEEP,priority+bandwidth_ok
21.219,318,class60,0.289,0.145,DISCARD,low_score
21.219,318,class57,0.268,0.134,DISCARD,low_score
21.285,319,class59,0.862,0.431,KEEP,priority+bandwidth_ok
21.285,319,class16,0.809,0.405,KEEP,priority+bandwidth_ok
21.351,320,class16,0.839,0.419,KEEP,priority+bandwidth_ok
21.351,320,class59,0.815,0.408,KEEP,priority+bandwidth_ok
21.351,320,class56,0.307,0.153,DISCARD,low_score
21.417,321,class59,0.834,0.417,KEEP,priority+bandwidth_ok
21.417,321,class16,0.453,0.227,DISCARD,low_score
21.484,322,class59,0.792,0.396,KEEP,priority+bandwidth_ok
21.484,322,class16,0.693,0.346,DISCARD,low_score
21.55,323,class59,0.853,0.426,KEEP,priority+bandwidth_ok
21.55,323,class16,0.804,0.402,KEEP,priority+bandwidth_ok
21.615,324,class59,0.816,0.408,KEEP,priority+bandwidth_ok
21.615,324,class16,0.807,0.403,KEEP,priority+bandwidth_ok
21.615,324,class56,0.328,0.164,DISCARD,low_score
21.683,325,class16,0.856,0.428,KEEP,priority+bandwidth_ok
21.683,325,class59,0.804,0.402,KEEP,priority+bandwidth_ok
21.683,325,class56,0.349,0.174,DISCARD,low_score
21.749,326,class16,0.833,0.417,KEEP,priority+bandwidth_ok
21.749,326,class59,0.812,0.406,KEEP,priority+bandwidth_ok
21.815,327,class59,0.821,0.411,KEEP,priority+bandwidth_ok
21.815,327,class16,0.807,0.403,KEEP,priority+bandwidth_ok
21.881,328,class59,0.874,0.437,KEEP,priority+bandwidth_ok
21.881,328,class16,0.726,0.363,KEEP,priority+bandwidth_ok
21.947,329,class16,0.813,0.406,KEEP,priority+bandwidth_ok
21.947,329,class59,0.688,0.344,DISCARD,low_score
21.947,329,class56,0.305,0.152,DISCARD,low_score
22.013,330,class16,0.903,0.451,KEEP,priority+bandwidth_ok
22.013,330,class59,0.753,0.377,KEEP,priority+bandwidth_ok
22.013,330,class56,0.259,0.13,DISCARD,low_score
22.079,331,class16,0.896,0.448,KEEP,priority+bandwidth_ok
22.079,331,class59,0.74,0.37,KEEP,priority+bandwidth_ok
22.079,331,class56,0.293,0.147,DISCARD,low_score
22.148,332,class16,0.89,0.445,KEEP,priority+bandwidth_ok
22.148,332,class59,0.787,0.393,KEEP,priority+bandwidth_ok
22.148,332,class56,0.471,0.235,DISCARD,low_score
22.214,333,class16,0.847,0.423,KEEP,priority+bandwidth_ok
22.214,333,class59,0.835,0.418,KEEP,priority+bandwidth_ok
22.214,333,class56,0.39,0.195,DISCARD,low_score
22.28,334,class16,0.82,0.41,KEEP,priority+bandwidth_ok
22.28,334,class59,0.802,0.401,KEEP,priority+bandwidth_ok
22.28,334,class56,0.504,0.252,DISCARD,low_score
22.346,335,class59,0.823,0.412,KEEP,priority+bandwidth_ok
22.346,335,class16,0.781,0.391,KEEP,priority+bandwidth_ok
22.346,335,class56,0.479,0.239,DISCARD,low_score
22.414,336,class16,0.776,0.388,KEEP,priority+bandwidth_ok
22.414,336,class59,0.776,0.388,KEEP,priority+bandwidth_ok
22.414,336,class56,0.496,0.248,DISCARD,low_score
22.481,337,class16,0.807,0.403,KEEP,priority+bandwidth_ok
22.481,337,class59,0.749,0.375,KEEP,priority+bandwidth_ok
22.481,337,class56,0.323,0.161,DISCARD,low_score
22.547,338,class16,0.779,0.389,KEEP,priority+bandwidth_ok
22.547,338,class59,0.769,0.385,KEEP,priority+bandwidth_ok
22.547,338,class56,0.44,0.22,DISCARD,low_score
22.616,339,class16,0.804,0.402,KEEP,priority+bandwidth_ok
22.616,339,class59,0.796,0.398,KEEP,priority+bandwidth_ok
22.616,339,class56,0.257,0.128,DISCARD,low_score
22.683,340,class16,0.794,0.397,KEEP,priority+bandwidth_ok
22.683,340,class59,0.78,0.39,KEEP,priority+bandwidth_ok
22.749,341,class16,0.77,0.385,KEEP,priority+bandwidth_ok
22.749,341,class59,0.641,0.32,DISCARD,low_score
22.815,342,class16,0.835,0.418,KEEP,priority+bandwidth_ok
22.815,342,class59,0.711,0.355,KEEP,priority+bandwidth_ok
22.881,343,class16,0.815,0.408,KEEP,priority+bandwidth_ok
22.881,343,class59,0.553,0.276,DISCARD,low_score
22.947,344,class16,0.832,0.416,KEEP,priority+bandwidth_ok
22.947,344,class59,0.576,0.288,DISCARD,low_score
23.013,345,class16,0.866,0.433,KEEP,priority+bandwidth_ok
23.013,345,class59,0.46,0.23,DISCARD,low_score
23.079,346,class16,0.881,0.44,KEEP,priority+bandwidth_ok
23.079,346,class59,0.57,0.285,DISCARD,low_score
23.145,347,class16,0.878,0.439,KEEP,priority+bandwidth_ok
23.145,347,class59,0.577,0.289,DISCARD,low_score
23.211,348,class16,0.868,0.434,KEEP,priority+bandwidth_ok
23.211,348,class59,0.558,0.279,DISCARD,low_score
23.277,349,class16,0.891,0.446,KEEP,priority+bandwidth_ok
23.277,349,class59,0.714,0.357,KEEP,priority+bandwidth_ok
23.343,350,class16,0.876,0.438,KEEP,priority+bandwidth_ok
23.343,350,class59,0.664,0.332,DISCARD,low_score
23.408,351,class16,0.864,0.432,KEEP,priority+bandwidth_ok
23.408,351,class59,0.525,0.263,DISCARD,low_score
23.474,352,class16,0.873,0.437,KEEP,priority+bandwidth_ok
23.474,352,class59,0.63,0.315,DISCARD,low_score
23.54,353,class16,0.862,0.431,KEEP,priority+bandwidth_ok
23.54,353,class59,0.586,0.293,DISCARD,low_score
23.605,354,class16,0.86,0.43,KEEP,priority+bandwidth_ok
23.605,354,class59,0.628,0.314,DISCARD,low_score
23.671,355,class16,0.879,0.44,KEEP,priority+bandwidth_ok
23.671,355,class59,0.635,0.318,DISCARD,low_score
23.737,356,class16,0.882,0.441,KEEP,priority+bandwidth_ok
23.737,356,class59,0.658,0.329,DISCARD,low_score
23.803,357,class16,0.864,0.432,KEEP,priority+bandwidth_ok
23.803,357,class59,0.667,0.334,DISCARD,low_score
23.869,358,class16,0.865,0.433,KEEP,priority+bandwidth_ok
23.869,358,class59,0.554,0.277,DISCARD,low_score
23.935,359,class16,0.882,0.441,KEEP,priority+bandwidth_ok
23.935,359,class59,0.644,0.322,DISCARD,low_score
24.0,360,class16,0.878,0.439,KEEP,priority+bandwidth_ok
24.0,360,class59,0.681,0.34,DISCARD,low_score
24.0,360,class57,0.264,0.132,DISCARD,low_score
24.067,361,class16,0.869,0.434,KEEP,priority+bandwidth_ok
24.067,361,class59,0.646,0.323,DISCARD,low_score
24.067,361,class57,0.252,0.126,DISCARD,low_score
24.133,362,class16,0.863,0.432,KEEP,priority+bandwidth_ok
24.133,362,class59,0.66,0.33,DISCARD,low_score
24.199,363,class16,0.85,0.425,KEEP,priority+bandwidth_ok
24.199,363,class59,0.742,0.371,KEEP,priority+bandwidth_ok
24.265,364,class16,0.871,0.435,KEEP,priority+bandwidth_ok
24.265,364,class59,0.749,0.375,KEEP,priority+bandwidth_ok
24.331,365,class16,0.861,0.43,KEEP,priority+bandwidth_ok
24.331,365,class59,0.834,0.417,KEEP,priority+bandwidth_ok
24.399,366,class16,0.846,0.423,KEEP,priority+bandwidth_ok
24.399,366,class59,0.797,0.398,KEEP,priority+bandwidth_ok
24.399,366,class57,0.288,0.144,DISCARD,low_score
24.465,367,class59,0.863,0.432,KEEP,priority+bandwidth_ok
24.465,367,class16,0.843,0.421,KEEP,priority+bandwidth_ok
24.532,368,class59,0.877,0.438,KEEP,priority+bandwidth_ok
24.532,368,class16,0.874,0.437,KEEP,priority+bandwidth_ok
24.598,369,class16,0.875,0.437,KEEP,priority+bandwidth_ok
24.598,369,class59,0.853,0.426,KEEP,priority+bandwidth_ok
24.664,370,class16,0.867,0.434,KEEP,priority+bandwidth_ok
24.664,370,class59,0.83,0.415,KEEP,priority+bandwidth_ok
24.73,371,class59,0.868,0.434,KEEP,priority+bandwidth_ok
24.73,371,class16,0.865,0.433,KEEP,priority+bandwidth_ok
24.795,372,class16,0.885,0.442,KEEP,priority+bandwidth_ok
24.795,372,class59,0.753,0.377,KEEP,priority+bandwidth_ok
24.861,373,class16,0.869,0.434,KEEP,priority+bandwidth_ok
24.861,373,class59,0.726,0.363,KEEP,priority+bandwidth_ok
24.927,374,class16,0.885,0.442,KEEP,priority+bandwidth_ok
24.927,374,class59,0.748,0.374,KEEP,priority+bandwidth_ok
24.993,375,class16,0.866,0.433,KEEP,priority+bandwidth_ok
24.993,375,class59,0.763,0.382,KEEP,priority+bandwidth_ok
25.059,376,class16,0.861,0.43,KEEP,priority+bandwidth_ok
25.059,376,class59,0.799,0.4,KEEP,priority+bandwidth_ok
25.126,377,class16,0.888,0.444,KEEP,priority+bandwidth_ok
25.126,377,class59,0.813,0.406,KEEP,priority+bandwidth_ok
25.192,378,class16,0.886,0.443,KEEP,priority+bandwidth_ok
25.192,378,class59,0.775,0.387,KEEP,priority+bandwidth_ok
25.26,379,class16,0.891,0.446,KEEP,priority+bandwidth_ok
25.26,379,class59,0.728,0.364,KEEP,priority+bandwidth_ok
25.326,380,class16,0.895,0.447,KEEP,priority+bandwidth_ok
25.326,380,class59,0.691,0.345,DISCARD,low_score
25.391,381,class16,0.901,0.45,KEEP,priority+bandwidth_ok
25.391,381,class59,0.653,0.327,DISCARD,low_score
25.457,382,class16,0.909,0.455,KEEP,priority+bandwidth_ok
25.457,382,class59,0.644,0.322,DISCARD,low_score
25.523,383,class16,0.897,0.448,KEEP,priority+bandwidth_ok
25.523,383,class59,0.617,0.308,DISCARD,low_score
25.589,384,class16,0.871,0.435,KEEP,priority+bandwidth_ok
25.589,384,class59,0.698,0.349,DISCARD,low_score
25.655,385,class16,0.878,0.439,KEEP,priority+bandwidth_ok
25.655,385,class59,0.65,0.325,DISCARD,low_score
25.721,386,class16,0.874,0.437,KEEP,priority+bandwidth_ok
25.721,386,class59,0.628,0.314,DISCARD,low_score
25.787,387,class16,0.861,0.43,KEEP,priority+bandwidth_ok
25.787,387,class59,0.506,0.253,DISCARD,low_score
25.854,388,class16,0.869,0.434,KEEP,priority+bandwidth_ok
25.854,388,class59,0.56,0.28,DISCARD,low_score
25.92,389,class16,0.888,0.444,KEEP,priority+bandwidth_ok
25.92,389,class59,0.436,0.218,DISCARD,low_score
25.986,390,class16,0.861,0.43,KEEP,priority+bandwidth_ok
25.986,390,class59,0.518,0.259,DISCARD,low_score
25.986,390,class57,0.342,0.171,DISCARD,low_score
26.052,391,class16,0.855,0.427,KEEP,priority+bandwidth_ok
26.052,391,class59,0.42,0.21,DISCARD,low_score
26.052,391,class57,0.413,0.207,DISCARD,low_score
26.052,391,class57,0.306,0.153,DISCARD,low_score
26.124,392,class16,0.862,0.431,KEEP,priority+bandwidth_ok
26.124,392,class59,0.507,0.253,DISCARD,low_score
26.19,393,class16,0.866,0.433,KEEP,priority+bandwidth_ok
26.19,393,class59,0.467,0.233,DISCARD,low_score
26.19,393,class57,0.312,0.156,DISCARD,low_score
26.255,394,class16,0.711,0.355,KEEP,priority+bandwidth_ok
26.255,394,class59,0.399,0.199,DISCARD,low_score
26.255,394,class57,0.303,0.152,DISCARD,low_score
26.322,395,class16,0.862,0.431,KEEP,priority+bandwidth_ok
26.322,395,class59,0.302,0.151,DISCARD,low_score
26.388,396,class16,0.873,0.437,KEEP,priority+bandwidth_ok
26.454,397,class16,0.863,0.432,KEEP,priority+bandwidth_ok
26.454,397,class59,0.351,0.176,DISCARD,low_score
26.519,398,class16,0.717,0.359,KEEP,priority+bandwidth_ok
26.519,398,class15,0.27,0.135,DISCARD,low_score
26.585,399,class16,0.833,0.417,KEEP,priority+bandwidth_ok
26.585,399,class59,0.423,0.212,DISCARD,low_score
26.651,400,class16,0.852,0.426,KEEP,priority+bandwidth_ok
26.651,400,class57,0.258,0.129,DISCARD,low_score
26.716,401,class16,0.847,0.423,KEEP,priority+bandwidth_ok
26.716,401,class57,0.564,0.282,DISCARD,low_score
26.782,402,class16,0.587,0.293,DISCARD,low_score
26.782,402,class57,0.267,0.133,DISCARD,low_score
26.85,403,class16,0.688,0.344,DISCARD,low_score
26.916,404,class16,0.84,0.42,KEEP,priority+bandwidth_ok
26.981,405,class16,0.818,0.409,KEEP,priority+bandwidth_ok
26.981,405,class57,0.295,0.148,DISCARD,low_score
27.047,406,class16,0.428,0.214,DISCARD,low_score
27.047,406,class17,0.317,0.159,DISCARD,low_score
27.113,407,class16,0.793,0.397,KEEP,priority+bandwidth_ok
27.178,408,class16,0.912,0.456,KEEP,priority+bandwidth_ok
27.245,409,class16,0.889,0.444,KEEP,priority+bandwidth_ok
27.312,410,class16,0.87,0.435,KEEP,priority+bandwidth_ok
27.377,411,class16,0.847,0.423,KEEP,priority+bandwidth_ok
27.444,412,class16,0.886,0.443,KEEP,priority+bandwidth_ok
27.51,413,class16,0.862,0.431,KEEP,priority+bandwidth_ok
27.575,414,class16,0.762,0.381,KEEP,priority+bandwidth_ok
27.64,415,class16,0.893,0.447,KEEP,priority+bandwidth_ok
27.706,416,class16,0.882,0.441,KEEP,priority+bandwidth_ok
27.773,417,class16,0.908,0.454,KEEP,priority+bandwidth_ok
27.839,418,class16,0.916,0.458,KEEP,priority+bandwidth_ok
27.904,419,class16,0.91,0.455,KEEP,priority+bandwidth_ok
27.969,420,class16,0.909,0.455,KEEP,priority+bandwidth_ok
28.036,421,class16,0.914,0.457,KEEP,priority+bandwidth_ok
28.105,422,class16,0.903,0.451,KEEP,priority+bandwidth_ok
28.17,423,class16,0.822,0.411,KEEP,priority+bandwidth_ok
28.235,424,class16,0.776,0.388,KEEP,priority+bandwidth_ok
28.303,425,class16,0.828,0.414,KEEP,priority+bandwidth_ok
28.371,426,class16,0.878,0.439,KEEP,priority+bandwidth_ok
28.436,427,class16,0.892,0.446,KEEP,priority+bandwidth_ok
28.503,428,class16,0.709,0.355,KEEP,priority+bandwidth_ok
28.503,428,class21,0.374,0.187,DISCARD,low_score
28.569,429,class16,0.863,0.432,KEEP,priority+bandwidth_ok
28.638,430,class16,0.893,0.447,KEEP,priority+bandwidth_ok
28.704,431,class16,0.892,0.446,KEEP,priority+bandwidth_ok
28.704,431,class57,0.349,0.174,DISCARD,low_score
28.772,432,class16,0.904,0.452,KEEP,priority+bandwidth_ok
28.772,432,class57,0.436,0.218,DISCARD,low_score
28.838,433,class16,0.905,0.453,KEEP,priority+bandwidth_ok
28.838,433,class59,0.431,0.216,DISCARD,low_score
28.838,433,class57,0.415,0.207,DISCARD,low_score
28.905,434,class16,0.905,0.452,KEEP,priority+bandwidth_ok
28.905,434,class59,0.446,0.223,DISCARD,low_score
28.905,434,class57,0.402,0.201,DISCARD,low_score
28.97,435,class16,0.905,0.452,KEEP,priority+bandwidth_ok
29.036,436,class16,0.909,0.455,KEEP,priority+bandwidth_ok
29.036,436,class59,0.288,0.144,DISCARD,low_score
29.102,437,class16,0.911,0.455,KEEP,priority+bandwidth_ok
29.102,437,class57,0.411,0.206,DISCARD,low_score
29.102,437,class59,0.376,0.188,DISCARD,low_score
29.168,438,class16,0.894,0.447,KEEP,priority+bandwidth_ok
29.233,439,class16,0.908,0.454,KEEP,priority+bandwidth_ok
29.233,439,class59,0.47,0.235,DISCARD,low_score
29.299,440,class16,0.916,0.458,KEEP,priority+bandwidth_ok
29.299,440,class59,0.45,0.225,DISCARD,low_score
29.365,441,class16,0.906,0.453,KEEP,priority+bandwidth_ok
29.365,441,class59,0.532,0.266,DISCARD,low_score
29.431,442,class16,0.91,0.455,KEEP,priority+bandwidth_ok
29.431,442,class59,0.525,0.263,DISCARD,low_score
29.496,443,class16,0.921,0.46,KEEP,priority+bandwidth_ok
29.496,443,class59,0.657,0.328,DISCARD,low_score
29.562,444,class16,0.896,0.448,KEEP,priority+bandwidth_ok
29.562,444,class59,0.61,0.305,DISCARD,low_score
29.562,444,class57,0.268,0.134,DISCARD,low_score
29.628,445,class16,0.903,0.452,KEEP,priority+bandwidth_ok
29.628,445,class59,0.72,0.36,KEEP,priority+bandwidth_ok
29.694,446,class16,0.899,0.45,KEEP,priority+bandwidth_ok
29.694,446,class59,0.785,0.393,KEEP,priority+bandwidth_ok
29.761,447,class16,0.904,0.452,KEEP,priority+bandwidth_ok
29.761,447,class59,0.794,0.397,KEEP,priority+bandwidth_ok
29.829,448,class16,0.905,0.453,KEEP,priority+bandwidth_ok
29.829,448,class59,0.829,0.414,KEEP,priority+bandwidth_ok
29.896,449,class59,0.903,0.451,KEEP,priority+bandwidth_ok
29.896,449,class16,0.903,0.451,KEEP,priority+bandwidth_ok
29.963,450,class16,0.927,0.464,KEEP,priority+bandwidth_ok
29.963,450,class59,0.818,0.409,KEEP,priority+bandwidth_ok
30.03,451,class16,0.925,0.462,KEEP,priority+bandwidth_ok
30.03,451,class59,0.83,0.415,KEEP,priority+bandwidth_ok
